partition,channel,subset,flight_id,n_windows,positive,negative,n_nonoverlap,nonoverlap_positive,nonoverlap_negative
train,drive,high,2026.9.6/log_17_2026-9-6-18-34-06.ulg,101,52,49,40,20,20
train,drive,high,2026.9.6/log_18_2026-9-6-18-46-20.ulg,90,46,44,34,14,20
train,drive,high,2026.9.6/log_19_2026-9-6-18-52-30.ulg,166,81,85,65,31,34
train,drive,high,2026.9.6/log_20_2026-9-6-18-58-10.ulg,52,27,25,21,10,11
train,drive,high,2026.9.6/log_24_2026-9-6-06-28-38.ulg,229,120,109,72,31,41
train,drive,high,2026.9.6/log_28_2026-9-6-07-01-38.ulg,149,85,64,43,27,16
train,drive,high,9.11数据/log_13_2026-9-11-18-28-08.ulg,20,8,12,9,4,5
train,drive,high,9.11数据/log_14_2026-9-11-18-34-58.ulg,94,48,46,28,16,12
train,drive,high,9.11数据/log_15_2026-9-11-18-40-48.ulg,47,23,24,21,8,13
train,drive,high,9.12数据/log_10_2026-9-12-06-13-40.ulg,104,54,50,41,19,22
train,drive,high,9.12数据/log_11_2026-9-12-06-21-12.ulg,167,87,80,54,27,27
train,drive,high,9.12数据/log_12_2026-9-12-06-29-44.ulg,136,67,69,54,24,30
train,drive,high,9.12数据/log_2_2026-9-12-18-32-54.ulg,92,41,51,38,15,23
train,drive,high,9.12数据/log_3_2026-9-12-18-40-02.ulg,202,103,99,73,36,37
train,drive,high,9.12数据/log_7_2026-9-12-05-49-02.ulg,138,68,70,48,24,24
train,drive,high,9.12数据/log_8_2026-9-12-05-55-30.ulg,200,96,104,69,33,36
train,drive,high,9.12数据/log_9_2026-9-12-06-03-32.ulg,176,101,75,69,38,31
train,drive,high,9.13数据/log_1_2026-9-13-06-11-06.ulg,86,44,42,39,21,18
train,drive,high,9.13数据/log_2_2026-9-13-06-20-06.ulg,94,49,45,40,19,21
train,drive,high,9.13数据/log_3_2026-9-13-06-31-26.ulg,141,74,67,59,31,28
train,drive,high,9.13数据/log_4_2026-9-13-06-36-26.ulg,96,52,44,46,24,22
train,drive,high,9.13数据/log_5_2026-9-13-06-42-40.ulg,179,99,80,63,34,29
train,drive,high,9.13数据/log_7_2026-9-13-18-12-52.ulg,107,60,47,42,24,18
train,drive,high,9.14数据/log_11_2026-9-14-18-13-22.ulg,242,122,120,80,39,41
train,drive,high,9.14数据/log_12_2026-9-14-18-20-30.ulg,223,119,104,78,41,37
train,drive,high,9.14数据/log_13_2026-9-14-18-28-32.ulg,177,87,90,61,30,31
train,drive,high,9.14数据/log_14_2026-9-14-18-34-22.ulg,155,90,65,57,31,26
train,drive,high,9.15数据/log_10_2026-9-15-17-44-04.ulg,227,116,111,71,35,36
train,drive,high,9.15数据/log_11_2026-9-15-17-51-56.ulg,197,101,96,61,34,27
train,drive,high,9.15数据/log_12_2026-9-15-18-03-58.ulg,231,117,114,73,35,38
train,drive,high,9.15数据/log_13_2026-9-15-18-10-58.ulg,192,105,87,67,29,38
train,drive,high,9.15数据/log_14_2026-9-15-18-17-26.ulg,229,115,114,78,38,40
train,drive,high,9.15数据/log_15_2026-9-15-18-23-44.ulg,295,140,155,90,43,47
train,drive,high,9.16数据/log_1_2026-9-16-18-02-34.ulg,213,105,108,64,29,35
train,drive,high,9.16数据/log_2_2026-9-16-18-08-46.ulg,253,126,127,82,40,42
train,drive,high,9.16数据/log_3_2026-9-16-18-13-58.ulg,187,96,91,61,33,28
train,drive,high,9.16数据/log_4_2026-9-16-18-20-50.ulg,276,135,141,87,44,43
train,drive,high,9.16数据/log_5_2026-9-16-18-26-48.ulg,197,89,108,67,30,37
train,drive,high,9.18数据/log_0_2026-9-18-18-15-06.ulg,297,147,150,91,44,47
train,drive,high,9.18数据/log_1_2026-9-18-18-23-36.ulg,339,172,167,91,48,43
train,drive,high,9.18数据/log_2_2026-9-18-18-29-40.ulg,278,134,144,85,39,46
train,drive,isolated,2026.9.6/log_17_2026-9-6-18-34-06.ulg,9,6,3,7,4,3
train,drive,isolated,2026.9.6/log_18_2026-9-6-18-46-20.ulg,5,2,3,4,2,2
train,drive,isolated,2026.9.6/log_19_2026-9-6-18-52-30.ulg,18,12,6,15,9,6
train,drive,isolated,2026.9.6/log_20_2026-9-6-18-58-10.ulg,7,5,2,4,3,1
train,drive,isolated,2026.9.6/log_24_2026-9-6-06-28-38.ulg,5,2,3,5,2,3
train,drive,isolated,2026.9.6/log_28_2026-9-6-07-01-38.ulg,4,2,2,4,2,2
train,drive,isolated,9.11数据/log_14_2026-9-11-18-34-58.ulg,2,1,1,2,1,1
train,drive,isolated,9.11数据/log_15_2026-9-11-18-40-48.ulg,1,0,1,1,0,1
train,drive,isolated,9.12数据/log_10_2026-9-12-06-13-40.ulg,1,0,1,1,0,1
train,drive,isolated,9.12数据/log_11_2026-9-12-06-21-12.ulg,1,1,0,1,1,0
train,drive,isolated,9.12数据/log_12_2026-9-12-06-29-44.ulg,4,3,1,3,2,1
train,drive,isolated,9.12数据/log_2_2026-9-12-18-32-54.ulg,4,1,3,4,1,3
train,drive,isolated,9.12数据/log_3_2026-9-12-18-40-02.ulg,3,1,2,3,1,2
train,drive,isolated,9.12数据/log_7_2026-9-12-05-49-02.ulg,1,0,1,1,0,1
train,drive,isolated,9.12数据/log_9_2026-9-12-06-03-32.ulg,2,2,0,2,2,0
train,drive,isolated,9.13数据/log_1_2026-9-13-06-11-06.ulg,5,3,2,5,3,2
train,drive,isolated,9.13数据/log_2_2026-9-13-06-20-06.ulg,3,1,2,3,1,2
train,drive,isolated,9.13数据/log_3_2026-9-13-06-31-26.ulg,2,0,2,2,0,2
train,drive,isolated,9.13数据/log_4_2026-9-13-06-36-26.ulg,6,2,4,6,2,4
train,drive,isolated,9.13数据/log_5_2026-9-13-06-42-40.ulg,5,2,3,4,2,2
train,drive,isolated,9.13数据/log_7_2026-9-13-18-12-52.ulg,1,1,0,1,1,0
train,drive,isolated,9.14数据/log_11_2026-9-14-18-13-22.ulg,2,1,1,2,1,1
train,drive,isolated,9.14数据/log_12_2026-9-14-18-20-30.ulg,3,1,2,3,1,2
train,drive,isolated,9.14数据/log_13_2026-9-14-18-28-32.ulg,7,2,5,7,2,5
train,drive,isolated,9.14数据/log_14_2026-9-14-18-34-22.ulg,5,1,4,5,1,4
train,drive,isolated,9.15数据/log_11_2026-9-15-17-51-56.ulg,1,0,1,1,0,1
train,drive,isolated,9.15数据/log_12_2026-9-15-18-03-58.ulg,2,1,1,2,1,1
train,drive,isolated,9.15数据/log_13_2026-9-15-18-10-58.ulg,14,8,6,12,7,5
train,drive,isolated,9.15数据/log_14_2026-9-15-18-17-26.ulg,3,1,2,3,1,2
train,drive,isolated,9.15数据/log_15_2026-9-15-18-23-44.ulg,10,6,4,7,5,2
train,drive,isolated,9.16数据/log_1_2026-9-16-18-02-34.ulg,8,3,5,7,3,4
train,drive,isolated,9.16数据/log_2_2026-9-16-18-08-46.ulg,15,6,9,10,4,6
train,drive,isolated,9.16数据/log_3_2026-9-16-18-13-58.ulg,3,1,2,3,1,2
train,drive,isolated,9.16数据/log_4_2026-9-16-18-20-50.ulg,11,5,6,9,3,6
train,drive,isolated,9.16数据/log_5_2026-9-16-18-26-48.ulg,12,6,6,10,5,5
train,drive,isolated,9.18数据/log_0_2026-9-18-18-15-06.ulg,7,2,5,7,2,5
train,drive,isolated,9.18数据/log_1_2026-9-18-18-23-36.ulg,3,2,1,3,2,1
train,drive,isolated,9.18数据/log_2_2026-9-18-18-29-40.ulg,4,1,3,3,1,2
train,drive,isolated_one_direction,2026.9.6/log_17_2026-9-6-18-34-06.ulg,9,6,3,7,4,3
train,drive,isolated_one_direction,2026.9.6/log_18_2026-9-6-18-46-20.ulg,5,2,3,4,2,2
train,drive,isolated_one_direction,2026.9.6/log_19_2026-9-6-18-52-30.ulg,18,12,6,15,9,6
train,drive,isolated_one_direction,2026.9.6/log_20_2026-9-6-18-58-10.ulg,7,5,2,4,3,1
train,drive,isolated_one_direction,2026.9.6/log_24_2026-9-6-06-28-38.ulg,5,2,3,5,2,3
train,drive,isolated_one_direction,2026.9.6/log_28_2026-9-6-07-01-38.ulg,3,2,1,3,2,1
train,drive,isolated_one_direction,9.11数据/log_14_2026-9-11-18-34-58.ulg,2,1,1,2,1,1
train,drive,isolated_one_direction,9.11数据/log_15_2026-9-11-18-40-48.ulg,1,0,1,1,0,1
train,drive,isolated_one_direction,9.12数据/log_10_2026-9-12-06-13-40.ulg,1,0,1,1,0,1
train,drive,isolated_one_direction,9.12数据/log_11_2026-9-12-06-21-12.ulg,1,1,0,1,1,0
train,drive,isolated_one_direction,9.12数据/log_12_2026-9-12-06-29-44.ulg,4,3,1,3,2,1
train,drive,isolated_one_direction,9.12数据/log_2_2026-9-12-18-32-54.ulg,4,1,3,4,1,3
train,drive,isolated_one_direction,9.12数据/log_3_2026-9-12-18-40-02.ulg,3,1,2,3,1,2
train,drive,isolated_one_direction,9.12数据/log_9_2026-9-12-06-03-32.ulg,2,2,0,2,2,0
train,drive,isolated_one_direction,9.13数据/log_1_2026-9-13-06-11-06.ulg,5,3,2,5,3,2
train,drive,isolated_one_direction,9.13数据/log_2_2026-9-13-06-20-06.ulg,3,1,2,3,1,2
train,drive,isolated_one_direction,9.13数据/log_3_2026-9-13-06-31-26.ulg,2,0,2,2,0,2
train,drive,isolated_one_direction,9.13数据/log_4_2026-9-13-06-36-26.ulg,6,2,4,6,2,4
train,drive,isolated_one_direction,9.13数据/log_5_2026-9-13-06-42-40.ulg,5,2,3,4,2,2
train,drive,isolated_one_direction,9.13数据/log_7_2026-9-13-18-12-52.ulg,1,1,0,1,1,0
train,drive,isolated_one_direction,9.14数据/log_11_2026-9-14-18-13-22.ulg,2,1,1,2,1,1
train,drive,isolated_one_direction,9.14数据/log_12_2026-9-14-18-20-30.ulg,3,1,2,3,1,2
train,drive,isolated_one_direction,9.14数据/log_13_2026-9-14-18-28-32.ulg,7,2,5,7,2,5
train,drive,isolated_one_direction,9.14数据/log_14_2026-9-14-18-34-22.ulg,5,1,4,5,1,4
train,drive,isolated_one_direction,9.15数据/log_11_2026-9-15-17-51-56.ulg,1,0,1,1,0,1
train,drive,isolated_one_direction,9.15数据/log_12_2026-9-15-18-03-58.ulg,2,1,1,2,1,1
train,drive,isolated_one_direction,9.15数据/log_13_2026-9-15-18-10-58.ulg,13,8,5,11,7,4
train,drive,isolated_one_direction,9.15数据/log_14_2026-9-15-18-17-26.ulg,3,1,2,3,1,2
train,drive,isolated_one_direction,9.15数据/log_15_2026-9-15-18-23-44.ulg,10,6,4,7,5,2
train,drive,isolated_one_direction,9.16数据/log_1_2026-9-16-18-02-34.ulg,8,3,5,7,3,4
train,drive,isolated_one_direction,9.16数据/log_2_2026-9-16-18-08-46.ulg,15,6,9,10,4,6
train,drive,isolated_one_direction,9.16数据/log_3_2026-9-16-18-13-58.ulg,3,1,2,3,1,2
train,drive,isolated_one_direction,9.16数据/log_4_2026-9-16-18-20-50.ulg,11,5,6,9,3,6
train,drive,isolated_one_direction,9.16数据/log_5_2026-9-16-18-26-48.ulg,12,6,6,10,5,5
train,drive,isolated_one_direction,9.18数据/log_0_2026-9-18-18-15-06.ulg,7,2,5,7,2,5
train,drive,isolated_one_direction,9.18数据/log_1_2026-9-18-18-23-36.ulg,3,2,1,3,2,1
train,drive,isolated_one_direction,9.18数据/log_2_2026-9-18-18-29-40.ulg,4,1,3,3,1,2
train,common,high,2026.9.6/log_17_2026-9-6-18-34-06.ulg,156,84,72,73,43,30
train,common,high,2026.9.6/log_18_2026-9-6-18-46-20.ulg,114,55,59,49,26,23
train,common,high,2026.9.6/log_19_2026-9-6-18-52-30.ulg,129,75,54,58,38,20
train,common,high,2026.9.6/log_20_2026-9-6-18-58-10.ulg,87,42,45,43,24,19
train,common,high,2026.9.6/log_24_2026-9-6-06-28-38.ulg,199,98,101,86,37,49
train,common,high,2026.9.6/log_28_2026-9-6-07-01-38.ulg,209,112,97,85,48,37
train,common,high,9.11数据/log_13_2026-9-11-18-28-08.ulg,182,95,87,66,37,29
train,common,high,9.11数据/log_14_2026-9-11-18-34-58.ulg,207,106,101,80,38,42
train,common,high,9.11数据/log_15_2026-9-11-18-40-48.ulg,173,91,82,63,33,30
train,common,high,9.12数据/log_10_2026-9-12-06-13-40.ulg,210,113,97,97,52,45
train,common,high,9.12数据/log_11_2026-9-12-06-21-12.ulg,206,115,91,89,55,34
train,common,high,9.12数据/log_12_2026-9-12-06-29-44.ulg,191,103,88,85,44,41
train,common,high,9.12数据/log_2_2026-9-12-18-32-54.ulg,151,90,61,76,50,26
train,common,high,9.12数据/log_3_2026-9-12-18-40-02.ulg,194,104,90,96,52,44
train,common,high,9.12数据/log_7_2026-9-12-05-49-02.ulg,181,101,80,79,44,35
train,common,high,9.12数据/log_8_2026-9-12-05-55-30.ulg,237,137,100,100,57,43
train,common,high,9.12数据/log_9_2026-9-12-06-03-32.ulg,322,174,148,134,85,49
train,common,high,9.13数据/log_1_2026-9-13-06-11-06.ulg,121,81,40,65,52,13
train,common,high,9.13数据/log_2_2026-9-13-06-20-06.ulg,148,90,58,81,52,29
train,common,high,9.13数据/log_3_2026-9-13-06-31-26.ulg,162,93,69,82,44,38
train,common,high,9.13数据/log_4_2026-9-13-06-36-26.ulg,116,76,40,60,42,18
train,common,high,9.13数据/log_5_2026-9-13-06-42-40.ulg,158,87,71,78,39,39
train,common,high,9.13数据/log_7_2026-9-13-18-12-52.ulg,126,62,64,56,28,28
train,common,high,9.14数据/log_11_2026-9-14-18-13-22.ulg,210,114,96,95,50,45
train,common,high,9.14数据/log_12_2026-9-14-18-20-30.ulg,214,118,96,94,50,44
train,common,high,9.14数据/log_13_2026-9-14-18-28-32.ulg,218,114,104,97,58,39
train,common,high,9.14数据/log_14_2026-9-14-18-34-22.ulg,119,64,55,54,28,26
train,common,high,9.15数据/log_10_2026-9-15-17-44-04.ulg,310,158,152,97,42,55
train,common,high,9.15数据/log_11_2026-9-15-17-51-56.ulg,145,78,67,55,28,27
train,common,high,9.15数据/log_12_2026-9-15-18-03-58.ulg,165,79,86,74,37,37
train,common,high,9.15数据/log_13_2026-9-15-18-10-58.ulg,117,71,46,60,40,20
train,common,high,9.15数据/log_14_2026-9-15-18-17-26.ulg,151,86,65,73,44,29
train,common,high,9.15数据/log_15_2026-9-15-18-23-44.ulg,166,94,72,81,47,34
train,common,high,9.16数据/log_1_2026-9-16-18-02-34.ulg,139,76,63,63,32,31
train,common,high,9.16数据/log_2_2026-9-16-18-08-46.ulg,150,81,69,68,40,28
train,common,high,9.16数据/log_3_2026-9-16-18-13-58.ulg,114,68,46,55,33,22
train,common,high,9.16数据/log_4_2026-9-16-18-20-50.ulg,145,84,61,73,39,34
train,common,high,9.16数据/log_5_2026-9-16-18-26-48.ulg,107,63,44,57,33,24
train,common,high,9.18数据/log_0_2026-9-18-18-15-06.ulg,192,104,88,83,44,39
train,common,high,9.18数据/log_1_2026-9-18-18-23-36.ulg,226,114,112,83,44,39
train,common,high,9.18数据/log_2_2026-9-18-18-29-40.ulg,207,109,98,90,47,43
train,common,isolated,2026.9.6/log_17_2026-9-6-18-34-06.ulg,13,5,8,9,4,5
train,common,isolated,2026.9.6/log_18_2026-9-6-18-46-20.ulg,5,2,3,4,2,2
train,common,isolated,2026.9.6/log_19_2026-9-6-18-52-30.ulg,1,0,1,1,0,1
train,common,isolated,2026.9.6/log_20_2026-9-6-18-58-10.ulg,2,0,2,2,0,2
train,common,isolated,2026.9.6/log_24_2026-9-6-06-28-38.ulg,2,1,1,2,1,1
train,common,isolated,2026.9.6/log_28_2026-9-6-07-01-38.ulg,5,2,3,4,2,2
train,common,isolated,9.11数据/log_13_2026-9-11-18-28-08.ulg,2,2,0,2,2,0
train,common,isolated,9.11数据/log_14_2026-9-11-18-34-58.ulg,4,4,0,4,4,0
train,common,isolated,9.12数据/log_10_2026-9-12-06-13-40.ulg,3,1,2,2,1,1
train,common,isolated,9.12数据/log_12_2026-9-12-06-29-44.ulg,3,2,1,2,1,1
train,common,isolated,9.12数据/log_2_2026-9-12-18-32-54.ulg,4,3,1,4,3,1
train,common,isolated,9.12数据/log_3_2026-9-12-18-40-02.ulg,1,1,0,1,1,0
train,common,isolated,9.12数据/log_7_2026-9-12-05-49-02.ulg,1,1,0,1,1,0
train,common,isolated,9.12数据/log_8_2026-9-12-05-55-30.ulg,1,1,0,1,1,0
train,common,isolated,9.12数据/log_9_2026-9-12-06-03-32.ulg,1,1,0,1,1,0
train,common,isolated,9.13数据/log_1_2026-9-13-06-11-06.ulg,6,4,2,6,4,2
train,common,isolated,9.13数据/log_2_2026-9-13-06-20-06.ulg,4,3,1,4,3,1
train,common,isolated,9.13数据/log_3_2026-9-13-06-31-26.ulg,1,1,0,1,1,0
train,common,isolated,9.13数据/log_4_2026-9-13-06-36-26.ulg,3,2,1,2,1,1
train,common,isolated,9.13数据/log_7_2026-9-13-18-12-52.ulg,1,0,1,1,0,1
train,common,isolated,9.14数据/log_12_2026-9-14-18-20-30.ulg,2,2,0,2,2,0
train,common,isolated,9.14数据/log_13_2026-9-14-18-28-32.ulg,2,1,1,2,1,1
train,common,isolated,9.15数据/log_11_2026-9-15-17-51-56.ulg,2,1,1,2,1,1
train,common,isolated,9.15数据/log_12_2026-9-15-18-03-58.ulg,8,4,4,6,3,3
train,common,isolated,9.15数据/log_13_2026-9-15-18-10-58.ulg,3,2,1,2,1,1
train,common,isolated,9.15数据/log_14_2026-9-15-18-17-26.ulg,3,2,1,3,2,1
train,common,isolated,9.15数据/log_15_2026-9-15-18-23-44.ulg,1,1,0,1,1,0
train,common,isolated,9.16数据/log_1_2026-9-16-18-02-34.ulg,2,1,1,2,1,1
train,common,isolated,9.16数据/log_2_2026-9-16-18-08-46.ulg,5,2,3,4,1,3
train,common,isolated,9.16数据/log_3_2026-9-16-18-13-58.ulg,1,1,0,1,1,0
train,common,isolated,9.16数据/log_4_2026-9-16-18-20-50.ulg,1,0,1,1,0,1
train,common,isolated,9.16数据/log_5_2026-9-16-18-26-48.ulg,3,2,1,3,2,1
train,common,isolated_one_direction,2026.9.6/log_17_2026-9-6-18-34-06.ulg,10,4,6,9,4,5
train,common,isolated_one_direction,2026.9.6/log_18_2026-9-6-18-46-20.ulg,3,2,1,3,2,1
train,common,isolated_one_direction,2026.9.6/log_19_2026-9-6-18-52-30.ulg,1,0,1,1,0,1
train,common,isolated_one_direction,2026.9.6/log_20_2026-9-6-18-58-10.ulg,2,0,2,2,0,2
train,common,isolated_one_direction,2026.9.6/log_28_2026-9-6-07-01-38.ulg,4,1,3,3,1,2
train,common,isolated_one_direction,9.11数据/log_13_2026-9-11-18-28-08.ulg,2,2,0,2,2,0
train,common,isolated_one_direction,9.11数据/log_14_2026-9-11-18-34-58.ulg,3,3,0,3,3,0
train,common,isolated_one_direction,9.12数据/log_10_2026-9-12-06-13-40.ulg,2,1,1,2,1,1
train,common,isolated_one_direction,9.12数据/log_12_2026-9-12-06-29-44.ulg,3,2,1,2,1,1
train,common,isolated_one_direction,9.12数据/log_2_2026-9-12-18-32-54.ulg,3,3,0,3,3,0
train,common,isolated_one_direction,9.12数据/log_3_2026-9-12-18-40-02.ulg,1,1,0,1,1,0
train,common,isolated_one_direction,9.12数据/log_7_2026-9-12-05-49-02.ulg,1,1,0,1,1,0
train,common,isolated_one_direction,9.12数据/log_8_2026-9-12-05-55-30.ulg,1,1,0,1,1,0
train,common,isolated_one_direction,9.12数据/log_9_2026-9-12-06-03-32.ulg,1,1,0,1,1,0
train,common,isolated_one_direction,9.13数据/log_1_2026-9-13-06-11-06.ulg,6,4,2,6,4,2
train,common,isolated_one_direction,9.13数据/log_2_2026-9-13-06-20-06.ulg,4,3,1,4,3,1
train,common,isolated_one_direction,9.13数据/log_4_2026-9-13-06-36-26.ulg,1,1,0,1,1,0
train,common,isolated_one_direction,9.13数据/log_7_2026-9-13-18-12-52.ulg,1,0,1,1,0,1
train,common,isolated_one_direction,9.14数据/log_12_2026-9-14-18-20-30.ulg,1,1,0,1,1,0
train,common,isolated_one_direction,9.14数据/log_13_2026-9-14-18-28-32.ulg,2,1,1,2,1,1
train,common,isolated_one_direction,9.15数据/log_11_2026-9-15-17-51-56.ulg,2,1,1,2,1,1
train,common,isolated_one_direction,9.15数据/log_12_2026-9-15-18-03-58.ulg,4,3,1,4,3,1
train,common,isolated_one_direction,9.15数据/log_13_2026-9-15-18-10-58.ulg,3,2,1,2,1,1
train,common,isolated_one_direction,9.15数据/log_14_2026-9-15-18-17-26.ulg,3,2,1,3,2,1
train,common,isolated_one_direction,9.15数据/log_15_2026-9-15-18-23-44.ulg,1,1,0,1,1,0
train,common,isolated_one_direction,9.16数据/log_1_2026-9-16-18-02-34.ulg,1,0,1,1,0,1
train,common,isolated_one_direction,9.16数据/log_2_2026-9-16-18-08-46.ulg,4,1,3,3,0,3
train,common,isolated_one_direction,9.16数据/log_4_2026-9-16-18-20-50.ulg,1,0,1,1,0,1
train,common,isolated_one_direction,9.16数据/log_5_2026-9-16-18-26-48.ulg,2,2,0,2,2,0
train,differential,high,2026.9.6/log_17_2026-9-6-18-34-06.ulg,218,108,110,87,43,44
train,differential,high,2026.9.6/log_18_2026-9-6-18-46-20.ulg,246,120,126,85,42,43
train,differential,high,2026.9.6/log_19_2026-9-6-18-52-30.ulg,180,96,84,75,46,29
train,differential,high,2026.9.6/log_20_2026-9-6-18-58-10.ulg,170,80,90,57,29,28
train,differential,high,2026.9.6/log_24_2026-9-6-06-28-38.ulg,268,139,129,96,54,42
train,differential,high,2026.9.6/log_28_2026-9-6-07-01-38.ulg,286,137,149,100,45,55
train,differential,high,9.11数据/log_13_2026-9-11-18-28-08.ulg,172,85,87,58,33,25
train,differential,high,9.11数据/log_14_2026-9-11-18-34-58.ulg,177,94,83,65,34,31
train,differential,high,9.11数据/log_15_2026-9-11-18-40-48.ulg,170,77,93,58,27,31
train,differential,high,9.12数据/log_10_2026-9-12-06-13-40.ulg,168,82,86,67,30,37
train,differential,high,9.12数据/log_11_2026-9-12-06-21-12.ulg,205,103,102,81,42,39
train,differential,high,9.12数据/log_12_2026-9-12-06-29-44.ulg,173,82,91,70,34,36
train,differential,high,9.12数据/log_2_2026-9-12-18-32-54.ulg,111,56,55,41,21,20
train,differential,high,9.12数据/log_3_2026-9-12-18-40-02.ulg,154,72,82,60,30,30
train,differential,high,9.12数据/log_7_2026-9-12-05-49-02.ulg,144,68,76,65,32,33
train,differential,high,9.12数据/log_8_2026-9-12-05-55-30.ulg,189,99,90,77,40,37
train,differential,high,9.12数据/log_9_2026-9-12-06-03-32.ulg,242,115,127,99,46,53
train,differential,high,9.13数据/log_1_2026-9-13-06-11-06.ulg,76,33,43,34,18,16
train,differential,high,9.13数据/log_2_2026-9-13-06-20-06.ulg,123,63,60,53,29,24
train,differential,high,9.13数据/log_3_2026-9-13-06-31-26.ulg,112,56,56,51,29,22
train,differential,high,9.13数据/log_4_2026-9-13-06-36-26.ulg,95,48,47,42,22,20
train,differential,high,9.13数据/log_5_2026-9-13-06-42-40.ulg,119,59,60,56,31,25
train,differential,high,9.13数据/log_7_2026-9-13-18-12-52.ulg,136,65,71,48,24,24
train,differential,high,9.14数据/log_11_2026-9-14-18-13-22.ulg,180,81,99,77,35,42
train,differential,high,9.14数据/log_12_2026-9-14-18-20-30.ulg,206,103,103,89,52,37
train,differential,high,9.14数据/log_13_2026-9-14-18-28-32.ulg,210,108,102,95,53,42
train,differential,high,9.14数据/log_14_2026-9-14-18-34-22.ulg,104,43,61,48,26,22
train,differential,high,9.15数据/log_10_2026-9-15-17-44-04.ulg,168,93,75,57,32,25
train,differential,high,9.15数据/log_11_2026-9-15-17-51-56.ulg,169,87,82,61,32,29
train,differential,high,9.15数据/log_12_2026-9-15-18-03-58.ulg,159,78,81,67,32,35
train,differential,high,9.15数据/log_13_2026-9-15-18-10-58.ulg,130,66,64,61,32,29
train,differential,high,9.15数据/log_14_2026-9-15-18-17-26.ulg,182,99,83,72,39,33
train,differential,high,9.15数据/log_15_2026-9-15-18-23-44.ulg,188,96,92,76,37,39
train,differential,high,9.16数据/log_1_2026-9-16-18-02-34.ulg,141,75,66,51,29,22
train,differential,high,9.16数据/log_2_2026-9-16-18-08-46.ulg,153,83,70,64,33,31
train,differential,high,9.16数据/log_3_2026-9-16-18-13-58.ulg,131,65,66,51,25,26
train,differential,high,9.16数据/log_4_2026-9-16-18-20-50.ulg,152,79,73,64,33,31
train,differential,high,9.16数据/log_5_2026-9-16-18-26-48.ulg,113,61,52,50,28,22
train,differential,high,9.18数据/log_0_2026-9-18-18-15-06.ulg,251,123,128,98,54,44
train,differential,high,9.18数据/log_1_2026-9-18-18-23-36.ulg,267,128,139,92,44,48
train,differential,high,9.18数据/log_2_2026-9-18-18-29-40.ulg,236,113,123,89,45,44
train,differential,isolated,2026.9.6/log_17_2026-9-6-18-34-06.ulg,14,6,8,10,4,6
train,differential,isolated,2026.9.6/log_18_2026-9-6-18-46-20.ulg,19,6,13,14,5,9
train,differential,isolated,2026.9.6/log_19_2026-9-6-18-52-30.ulg,11,5,6,9,5,4
train,differential,isolated,2026.9.6/log_20_2026-9-6-18-58-10.ulg,5,1,4,4,1,3
train,differential,isolated,2026.9.6/log_24_2026-9-6-06-28-38.ulg,1,0,1,1,0,1
train,differential,isolated,2026.9.6/log_28_2026-9-6-07-01-38.ulg,9,4,5,8,4,4
train,differential,isolated,9.11数据/log_13_2026-9-11-18-28-08.ulg,1,0,1,1,0,1
train,differential,isolated,9.11数据/log_14_2026-9-11-18-34-58.ulg,1,0,1,1,0,1
train,differential,isolated,9.11数据/log_15_2026-9-11-18-40-48.ulg,1,0,1,1,0,1
train,differential,isolated,9.12数据/log_3_2026-9-12-18-40-02.ulg,2,1,1,2,1,1
train,differential,isolated,9.12数据/log_8_2026-9-12-05-55-30.ulg,2,0,2,2,0,2
train,differential,isolated,9.12数据/log_9_2026-9-12-06-03-32.ulg,1,1,0,1,1,0
train,differential,isolated,9.13数据/log_1_2026-9-13-06-11-06.ulg,1,1,0,1,1,0
train,differential,isolated,9.13数据/log_2_2026-9-13-06-20-06.ulg,1,0,1,1,0,1
train,differential,isolated,9.13数据/log_5_2026-9-13-06-42-40.ulg,1,1,0,1,1,0
train,differential,isolated,9.13数据/log_7_2026-9-13-18-12-52.ulg,3,1,2,3,1,2
train,differential,isolated,9.14数据/log_11_2026-9-14-18-13-22.ulg,1,0,1,1,0,1
train,differential,isolated,9.14数据/log_12_2026-9-14-18-20-30.ulg,2,1,1,2,1,1
train,differential,isolated,9.15数据/log_11_2026-9-15-17-51-56.ulg,2,0,2,1,0,1
train,differential,isolated,9.15数据/log_12_2026-9-15-18-03-58.ulg,3,2,1,3,2,1
train,differential,isolated,9.15数据/log_14_2026-9-15-18-17-26.ulg,1,0,1,1,0,1
train,differential,isolated,9.15数据/log_15_2026-9-15-18-23-44.ulg,2,0,2,1,0,1
train,differential,isolated,9.16数据/log_2_2026-9-16-18-08-46.ulg,2,1,1,2,1,1
train,differential,isolated,9.16数据/log_3_2026-9-16-18-13-58.ulg,2,1,1,2,1,1
train,differential,isolated,9.16数据/log_4_2026-9-16-18-20-50.ulg,4,3,1,3,2,1
train,differential,isolated,9.16数据/log_5_2026-9-16-18-26-48.ulg,1,1,0,1,1,0
train,differential,isolated,9.18数据/log_0_2026-9-18-18-15-06.ulg,1,0,1,1,0,1
train,differential,isolated,9.18数据/log_1_2026-9-18-18-23-36.ulg,2,2,0,2,2,0
train,differential,isolated,9.18数据/log_2_2026-9-18-18-29-40.ulg,2,1,1,2,1,1
train,differential,isolated_one_direction,2026.9.6/log_17_2026-9-6-18-34-06.ulg,10,4,6,9,4,5
train,differential,isolated_one_direction,2026.9.6/log_18_2026-9-6-18-46-20.ulg,9,4,5,8,3,5
train,differential,isolated_one_direction,2026.9.6/log_19_2026-9-6-18-52-30.ulg,9,4,5,7,4,3
train,differential,isolated_one_direction,2026.9.6/log_20_2026-9-6-18-58-10.ulg,2,0,2,2,0,2
train,differential,isolated_one_direction,2026.9.6/log_28_2026-9-6-07-01-38.ulg,5,3,2,5,3,2
train,differential,isolated_one_direction,9.11数据/log_13_2026-9-11-18-28-08.ulg,1,0,1,1,0,1
train,differential,isolated_one_direction,9.11数据/log_15_2026-9-11-18-40-48.ulg,1,0,1,1,0,1
train,differential,isolated_one_direction,9.12数据/log_3_2026-9-12-18-40-02.ulg,1,0,1,1,0,1
train,differential,isolated_one_direction,9.12数据/log_8_2026-9-12-05-55-30.ulg,2,0,2,2,0,2
train,differential,isolated_one_direction,9.12数据/log_9_2026-9-12-06-03-32.ulg,1,1,0,1,1,0
train,differential,isolated_one_direction,9.13数据/log_1_2026-9-13-06-11-06.ulg,1,1,0,1,1,0
train,differential,isolated_one_direction,9.13数据/log_2_2026-9-13-06-20-06.ulg,1,0,1,1,0,1
train,differential,isolated_one_direction,9.13数据/log_7_2026-9-13-18-12-52.ulg,3,1,2,3,1,2
train,differential,isolated_one_direction,9.14数据/log_12_2026-9-14-18-20-30.ulg,1,1,0,1,1,0
train,differential,isolated_one_direction,9.15数据/log_11_2026-9-15-17-51-56.ulg,1,0,1,1,0,1
train,differential,isolated_one_direction,9.15数据/log_12_2026-9-15-18-03-58.ulg,2,1,1,2,1,1
train,differential,isolated_one_direction,9.15数据/log_14_2026-9-15-18-17-26.ulg,1,0,1,1,0,1
train,differential,isolated_one_direction,9.15数据/log_15_2026-9-15-18-23-44.ulg,2,0,2,1,0,1
train,differential,isolated_one_direction,9.16数据/log_2_2026-9-16-18-08-46.ulg,1,0,1,1,0,1
train,differential,isolated_one_direction,9.16数据/log_3_2026-9-16-18-13-58.ulg,2,1,1,2,1,1
train,differential,isolated_one_direction,9.16数据/log_4_2026-9-16-18-20-50.ulg,3,2,1,3,2,1
train,differential,isolated_one_direction,9.16数据/log_5_2026-9-16-18-26-48.ulg,1,1,0,1,1,0
train,differential,isolated_one_direction,9.18数据/log_0_2026-9-18-18-15-06.ulg,1,0,1,1,0,1
train,differential,isolated_one_direction,9.18数据/log_1_2026-9-18-18-23-36.ulg,2,2,0,2,2,0
train,differential,isolated_one_direction,9.18数据/log_2_2026-9-18-18-29-40.ulg,1,0,1,1,0,1
train,rudder,high,2026.9.6/log_17_2026-9-6-18-34-06.ulg,126,61,65,59,27,32
train,rudder,high,2026.9.6/log_18_2026-9-6-18-46-20.ulg,132,52,80,57,21,36
train,rudder,high,2026.9.6/log_19_2026-9-6-18-52-30.ulg,116,60,56,49,21,28
train,rudder,high,2026.9.6/log_20_2026-9-6-18-58-10.ulg,131,61,70,50,24,26
train,rudder,high,2026.9.6/log_24_2026-9-6-06-28-38.ulg,227,117,110,85,44,41
train,rudder,high,2026.9.6/log_28_2026-9-6-07-01-38.ulg,227,107,120,85,36,49
train,rudder,high,9.11数据/log_13_2026-9-11-18-28-08.ulg,179,96,83,59,39,20
train,rudder,high,9.11数据/log_14_2026-9-11-18-34-58.ulg,149,81,68,59,37,22
train,rudder,high,9.11数据/log_15_2026-9-11-18-40-48.ulg,191,101,90,64,36,28
train,rudder,high,9.12数据/log_10_2026-9-12-06-13-40.ulg,220,104,116,85,38,47
train,rudder,high,9.12数据/log_11_2026-9-12-06-21-12.ulg,261,126,135,94,40,54
train,rudder,high,9.12数据/log_12_2026-9-12-06-29-44.ulg,211,107,104,78,38,40
train,rudder,high,9.12数据/log_2_2026-9-12-18-32-54.ulg,114,58,56,49,27,22
train,rudder,high,9.12数据/log_3_2026-9-12-18-40-02.ulg,146,69,77,62,28,34
train,rudder,high,9.12数据/log_7_2026-9-12-05-49-02.ulg,178,90,88,68,38,30
train,rudder,high,9.12数据/log_8_2026-9-12-05-55-30.ulg,227,120,107,93,50,43
train,rudder,high,9.12数据/log_9_2026-9-12-06-03-32.ulg,281,143,138,118,66,52
train,rudder,high,9.13数据/log_1_2026-9-13-06-11-06.ulg,56,30,26,26,16,10
train,rudder,high,9.13数据/log_2_2026-9-13-06-20-06.ulg,104,49,55,49,24,25
train,rudder,high,9.13数据/log_3_2026-9-13-06-31-26.ulg,143,75,68,63,35,28
train,rudder,high,9.13数据/log_4_2026-9-13-06-36-26.ulg,100,49,51,36,18,18
train,rudder,high,9.13数据/log_5_2026-9-13-06-42-40.ulg,105,61,44,52,29,23
train,rudder,high,9.13数据/log_7_2026-9-13-18-12-52.ulg,119,64,55,43,23,20
train,rudder,high,9.14数据/log_11_2026-9-14-18-13-22.ulg,190,93,97,84,45,39
train,rudder,high,9.14数据/log_12_2026-9-14-18-20-30.ulg,215,108,107,85,46,39
train,rudder,high,9.14数据/log_13_2026-9-14-18-28-32.ulg,236,111,125,99,52,47
train,rudder,high,9.14数据/log_14_2026-9-14-18-34-22.ulg,111,59,52,48,28,20
train,rudder,high,9.15数据/log_10_2026-9-15-17-44-04.ulg,318,166,152,89,47,42
train,rudder,high,9.15数据/log_11_2026-9-15-17-51-56.ulg,162,81,81,60,26,34
train,rudder,high,9.15数据/log_12_2026-9-15-18-03-58.ulg,146,66,80,66,22,44
train,rudder,high,9.15数据/log_13_2026-9-15-18-10-58.ulg,121,59,62,48,26,22
train,rudder,high,9.15数据/log_14_2026-9-15-18-17-26.ulg,166,84,82,68,37,31
train,rudder,high,9.15数据/log_15_2026-9-15-18-23-44.ulg,170,97,73,63,42,21
train,rudder,high,9.16数据/log_1_2026-9-16-18-02-34.ulg,135,72,63,57,31,26
train,rudder,high,9.16数据/log_2_2026-9-16-18-08-46.ulg,151,80,71,60,31,29
train,rudder,high,9.16数据/log_3_2026-9-16-18-13-58.ulg,105,51,54,50,29,21
train,rudder,high,9.16数据/log_4_2026-9-16-18-20-50.ulg,149,81,68,61,34,27
train,rudder,high,9.16数据/log_5_2026-9-16-18-26-48.ulg,121,58,63,50,23,27
train,rudder,high,9.18数据/log_0_2026-9-18-18-15-06.ulg,225,100,125,86,38,48
train,rudder,high,9.18数据/log_1_2026-9-18-18-23-36.ulg,336,158,178,107,49,58
train,rudder,high,9.18数据/log_2_2026-9-18-18-29-40.ulg,274,122,152,92,45,47
train,rudder,isolated,2026.9.6/log_17_2026-9-6-18-34-06.ulg,4,1,3,4,1,3
train,rudder,isolated,2026.9.6/log_18_2026-9-6-18-46-20.ulg,1,0,1,1,0,1
train,rudder,isolated,2026.9.6/log_19_2026-9-6-18-52-30.ulg,1,0,1,1,0,1
train,rudder,isolated,2026.9.6/log_20_2026-9-6-18-58-10.ulg,6,3,3,5,2,3
train,rudder,isolated,2026.9.6/log_28_2026-9-6-07-01-38.ulg,1,0,1,1,0,1
train,rudder,isolated,9.11数据/log_13_2026-9-11-18-28-08.ulg,2,0,2,1,0,1
train,rudder,isolated,9.11数据/log_14_2026-9-11-18-34-58.ulg,3,2,1,1,1,0
train,rudder,isolated,9.11数据/log_15_2026-9-11-18-40-48.ulg,1,0,1,1,0,1
train,rudder,isolated,9.12数据/log_10_2026-9-12-06-13-40.ulg,4,1,3,3,0,3
train,rudder,isolated,9.12数据/log_11_2026-9-12-06-21-12.ulg,2,1,1,2,1,1
train,rudder,isolated,9.12数据/log_3_2026-9-12-18-40-02.ulg,1,1,0,1,1,0
train,rudder,isolated,9.12数据/log_7_2026-9-12-05-49-02.ulg,1,1,0,1,1,0
train,rudder,isolated,9.12数据/log_8_2026-9-12-05-55-30.ulg,2,2,0,2,2,0
train,rudder,isolated,9.12数据/log_9_2026-9-12-06-03-32.ulg,2,1,1,2,1,1
train,rudder,isolated,9.13数据/log_1_2026-9-13-06-11-06.ulg,1,1,0,1,1,0
train,rudder,isolated,9.13数据/log_7_2026-9-13-18-12-52.ulg,1,0,1,1,0,1
train,rudder,isolated,9.14数据/log_12_2026-9-14-18-20-30.ulg,1,0,1,1,0,1
train,rudder,isolated,9.14数据/log_13_2026-9-14-18-28-32.ulg,5,4,1,5,4,1
train,rudder,isolated,9.15数据/log_12_2026-9-15-18-03-58.ulg,1,0,1,1,0,1
train,rudder,isolated,9.15数据/log_13_2026-9-15-18-10-58.ulg,2,0,2,2,0,2
train,rudder,isolated,9.15数据/log_14_2026-9-15-18-17-26.ulg,3,1,2,3,1,2
train,rudder,isolated,9.15数据/log_15_2026-9-15-18-23-44.ulg,1,0,1,1,0,1
train,rudder,isolated,9.16数据/log_1_2026-9-16-18-02-34.ulg,1,1,0,1,1,0
train,rudder,isolated,9.16数据/log_2_2026-9-16-18-08-46.ulg,4,2,2,2,2,0
train,rudder,isolated,9.18数据/log_0_2026-9-18-18-15-06.ulg,4,1,3,3,1,2
train,rudder,isolated,9.18数据/log_1_2026-9-18-18-23-36.ulg,4,0,4,3,0,3
train,rudder,isolated_one_direction,2026.9.6/log_17_2026-9-6-18-34-06.ulg,3,1,2,3,1,2
train,rudder,isolated_one_direction,2026.9.6/log_18_2026-9-6-18-46-20.ulg,1,0,1,1,0,1
train,rudder,isolated_one_direction,2026.9.6/log_19_2026-9-6-18-52-30.ulg,1,0,1,1,0,1
train,rudder,isolated_one_direction,2026.9.6/log_20_2026-9-6-18-58-10.ulg,5,3,2,4,2,2
train,rudder,isolated_one_direction,2026.9.6/log_28_2026-9-6-07-01-38.ulg,1,0,1,1,0,1
train,rudder,isolated_one_direction,9.11数据/log_13_2026-9-11-18-28-08.ulg,2,0,2,1,0,1
train,rudder,isolated_one_direction,9.11数据/log_14_2026-9-11-18-34-58.ulg,3,2,1,1,1,0
train,rudder,isolated_one_direction,9.11数据/log_15_2026-9-11-18-40-48.ulg,1,0,1,1,0,1
train,rudder,isolated_one_direction,9.12数据/log_10_2026-9-12-06-13-40.ulg,4,1,3,3,0,3
train,rudder,isolated_one_direction,9.12数据/log_11_2026-9-12-06-21-12.ulg,2,1,1,2,1,1
train,rudder,isolated_one_direction,9.12数据/log_3_2026-9-12-18-40-02.ulg,1,1,0,1,1,0
train,rudder,isolated_one_direction,9.12数据/log_7_2026-9-12-05-49-02.ulg,1,1,0,1,1,0
train,rudder,isolated_one_direction,9.12数据/log_8_2026-9-12-05-55-30.ulg,1,1,0,1,1,0
train,rudder,isolated_one_direction,9.12数据/log_9_2026-9-12-06-03-32.ulg,1,1,0,1,1,0
train,rudder,isolated_one_direction,9.13数据/log_1_2026-9-13-06-11-06.ulg,1,1,0,1,1,0
train,rudder,isolated_one_direction,9.14数据/log_12_2026-9-14-18-20-30.ulg,1,0,1,1,0,1
train,rudder,isolated_one_direction,9.14数据/log_13_2026-9-14-18-28-32.ulg,4,4,0,4,4,0
train,rudder,isolated_one_direction,9.15数据/log_13_2026-9-15-18-10-58.ulg,1,0,1,1,0,1
train,rudder,isolated_one_direction,9.15数据/log_14_2026-9-15-18-17-26.ulg,1,1,0,1,1,0
train,rudder,isolated_one_direction,9.15数据/log_15_2026-9-15-18-23-44.ulg,1,0,1,1,0,1
train,rudder,isolated_one_direction,9.16数据/log_1_2026-9-16-18-02-34.ulg,1,1,0,1,1,0
train,rudder,isolated_one_direction,9.16数据/log_2_2026-9-16-18-08-46.ulg,4,2,2,2,2,0
train,rudder,isolated_one_direction,9.18数据/log_0_2026-9-18-18-15-06.ulg,3,0,3,2,0,2
train,rudder,isolated_one_direction,9.18数据/log_1_2026-9-18-18-23-36.ulg,3,0,3,2,0,2
validation,drive,high,2026.9.7/log_21_2026-9-7-05-54-56.ulg,7,3,4,7,3,4
validation,drive,high,2026.9.7/log_22_2026-9-7-06-01-40.ulg,4,3,1,4,3,1
validation,drive,high,2026.9.7/log_23_2026-9-7-06-09-22.ulg,34,16,18,34,16,18
validation,drive,high,2026.9.7/log_24_2026-9-7-06-16-04.ulg,37,15,22,37,15,22
validation,drive,high,2026.9.7/log_26_2026-9-7-06-30-26.ulg,4,1,3,4,1,3
validation,drive,high,2026.9.7/log_28_2026-9-7-06-44-02.ulg,32,16,16,32,16,16
validation,drive,high,2026.9.7/log_29_2026-9-7-06-51-04.ulg,21,11,10,21,11,10
validation,drive,high,2026.9.7/log_30_2026-9-7-06-58-22.ulg,5,2,3,5,2,3
validation,drive,high,9.17数据/log_10_2026-9-17-06-34-34.ulg,52,28,24,52,28,24
validation,drive,high,9.17数据/log_11_2026-9-17-06-40-30.ulg,52,25,27,52,25,27
validation,drive,high,9.17数据/log_12_2026-9-17-06-46-02.ulg,44,26,18,44,26,18
validation,drive,high,9.17数据/log_13_2026-9-17-06-52-30.ulg,59,28,31,59,28,31
validation,drive,high,9.17数据/log_6_2026-9-17-06-02-24.ulg,32,17,15,32,17,15
validation,drive,high,9.17数据/log_7_2026-9-17-06-12-16.ulg,58,28,30,58,28,30
validation,drive,high,9.17数据/log_8_2026-9-17-06-17-52.ulg,57,28,29,57,28,29
validation,drive,high,9.17数据/log_9_2026-9-17-06-28-10.ulg,35,19,16,35,19,16
validation,drive,isolated,2026.9.7/log_21_2026-9-7-05-54-56.ulg,1,1,0,1,1,0
validation,drive,isolated,2026.9.7/log_23_2026-9-7-06-09-22.ulg,1,0,1,1,0,1
validation,drive,isolated,2026.9.7/log_24_2026-9-7-06-16-04.ulg,3,1,2,3,1,2
validation,drive,isolated,2026.9.7/log_28_2026-9-7-06-44-02.ulg,2,0,2,2,0,2
validation,drive,isolated,2026.9.7/log_29_2026-9-7-06-51-04.ulg,2,1,1,2,1,1
validation,drive,isolated,2026.9.7/log_30_2026-9-7-06-58-22.ulg,1,1,0,1,1,0
validation,drive,isolated,9.17数据/log_10_2026-9-17-06-34-34.ulg,2,1,1,2,1,1
validation,drive,isolated,9.17数据/log_11_2026-9-17-06-40-30.ulg,2,0,2,2,0,2
validation,drive,isolated,9.17数据/log_12_2026-9-17-06-46-02.ulg,4,2,2,4,2,2
validation,drive,isolated,9.17数据/log_6_2026-9-17-06-02-24.ulg,1,1,0,1,1,0
validation,drive,isolated,9.17数据/log_7_2026-9-17-06-12-16.ulg,2,1,1,2,1,1
validation,drive,isolated,9.17数据/log_8_2026-9-17-06-17-52.ulg,1,0,1,1,0,1
validation,drive,isolated,9.17数据/log_9_2026-9-17-06-28-10.ulg,1,1,0,1,1,0
validation,drive,isolated_one_direction,2026.9.7/log_21_2026-9-7-05-54-56.ulg,1,1,0,1,1,0
validation,drive,isolated_one_direction,2026.9.7/log_23_2026-9-7-06-09-22.ulg,1,0,1,1,0,1
validation,drive,isolated_one_direction,2026.9.7/log_24_2026-9-7-06-16-04.ulg,3,1,2,3,1,2
validation,drive,isolated_one_direction,2026.9.7/log_28_2026-9-7-06-44-02.ulg,1,0,1,1,0,1
validation,drive,isolated_one_direction,2026.9.7/log_29_2026-9-7-06-51-04.ulg,2,1,1,2,1,1
validation,drive,isolated_one_direction,2026.9.7/log_30_2026-9-7-06-58-22.ulg,1,1,0,1,1,0
validation,drive,isolated_one_direction,9.17数据/log_10_2026-9-17-06-34-34.ulg,2,1,1,2,1,1
validation,drive,isolated_one_direction,9.17数据/log_11_2026-9-17-06-40-30.ulg,2,0,2,2,0,2
validation,drive,isolated_one_direction,9.17数据/log_12_2026-9-17-06-46-02.ulg,4,2,2,4,2,2
validation,drive,isolated_one_direction,9.17数据/log_6_2026-9-17-06-02-24.ulg,1,1,0,1,1,0
validation,drive,isolated_one_direction,9.17数据/log_7_2026-9-17-06-12-16.ulg,2,1,1,2,1,1
validation,drive,isolated_one_direction,9.17数据/log_8_2026-9-17-06-17-52.ulg,1,0,1,1,0,1
validation,drive,isolated_one_direction,9.17数据/log_9_2026-9-17-06-28-10.ulg,1,1,0,1,1,0
validation,common,high,2026.9.7/log_21_2026-9-7-05-54-56.ulg,37,15,22,37,15,22
validation,common,high,2026.9.7/log_22_2026-9-7-06-01-40.ulg,18,9,9,18,9,9
validation,common,high,2026.9.7/log_23_2026-9-7-06-09-22.ulg,23,7,16,23,7,16
validation,common,high,2026.9.7/log_24_2026-9-7-06-16-04.ulg,27,14,13,27,14,13
validation,common,high,2026.9.7/log_26_2026-9-7-06-30-26.ulg,18,9,9,18,9,9
validation,common,high,2026.9.7/log_27_2026-9-7-06-37-24.ulg,16,8,8,16,8,8
validation,common,high,2026.9.7/log_28_2026-9-7-06-44-02.ulg,18,8,10,18,8,10
validation,common,high,2026.9.7/log_29_2026-9-7-06-51-04.ulg,18,10,8,18,10,8
validation,common,high,2026.9.7/log_30_2026-9-7-06-58-22.ulg,16,10,6,16,10,6
validation,common,high,9.17数据/log_10_2026-9-17-06-34-34.ulg,26,15,11,26,15,11
validation,common,high,9.17数据/log_11_2026-9-17-06-40-30.ulg,33,22,11,33,22,11
validation,common,high,9.17数据/log_12_2026-9-17-06-46-02.ulg,30,13,17,30,13,17
validation,common,high,9.17数据/log_13_2026-9-17-06-52-30.ulg,43,21,22,43,21,22
validation,common,high,9.17数据/log_6_2026-9-17-06-02-24.ulg,27,14,13,27,14,13
validation,common,high,9.17数据/log_7_2026-9-17-06-12-16.ulg,28,13,15,28,13,15
validation,common,high,9.17数据/log_8_2026-9-17-06-17-52.ulg,32,18,14,32,18,14
validation,common,high,9.17数据/log_9_2026-9-17-06-28-10.ulg,30,14,16,30,14,16
validation,common,isolated,2026.9.7/log_21_2026-9-7-05-54-56.ulg,4,0,4,4,0,4
validation,common,isolated,2026.9.7/log_22_2026-9-7-06-01-40.ulg,3,2,1,3,2,1
validation,common,isolated,2026.9.7/log_23_2026-9-7-06-09-22.ulg,1,0,1,1,0,1
validation,common,isolated,2026.9.7/log_24_2026-9-7-06-16-04.ulg,1,0,1,1,0,1
validation,common,isolated,2026.9.7/log_26_2026-9-7-06-30-26.ulg,3,3,0,3,3,0
validation,common,isolated,2026.9.7/log_27_2026-9-7-06-37-24.ulg,2,1,1,2,1,1
validation,common,isolated,2026.9.7/log_29_2026-9-7-06-51-04.ulg,1,1,0,1,1,0
validation,common,isolated,2026.9.7/log_30_2026-9-7-06-58-22.ulg,1,0,1,1,0,1
validation,common,isolated,9.17数据/log_12_2026-9-17-06-46-02.ulg,1,0,1,1,0,1
validation,common,isolated,9.17数据/log_9_2026-9-17-06-28-10.ulg,1,0,1,1,0,1
validation,common,isolated_one_direction,2026.9.7/log_21_2026-9-7-05-54-56.ulg,4,0,4,4,0,4
validation,common,isolated_one_direction,2026.9.7/log_22_2026-9-7-06-01-40.ulg,3,2,1,3,2,1
validation,common,isolated_one_direction,2026.9.7/log_23_2026-9-7-06-09-22.ulg,1,0,1,1,0,1
validation,common,isolated_one_direction,2026.9.7/log_24_2026-9-7-06-16-04.ulg,1,0,1,1,0,1
validation,common,isolated_one_direction,2026.9.7/log_26_2026-9-7-06-30-26.ulg,2,2,0,2,2,0
validation,common,isolated_one_direction,2026.9.7/log_27_2026-9-7-06-37-24.ulg,2,1,1,2,1,1
validation,common,isolated_one_direction,2026.9.7/log_30_2026-9-7-06-58-22.ulg,1,0,1,1,0,1
validation,common,isolated_one_direction,9.17数据/log_12_2026-9-17-06-46-02.ulg,1,0,1,1,0,1
validation,common,isolated_one_direction,9.17数据/log_9_2026-9-17-06-28-10.ulg,1,0,1,1,0,1
validation,differential,high,2026.9.7/log_21_2026-9-7-05-54-56.ulg,22,10,12,22,10,12
validation,differential,high,2026.9.7/log_22_2026-9-7-06-01-40.ulg,46,17,29,46,17,29
validation,differential,high,2026.9.7/log_23_2026-9-7-06-09-22.ulg,34,20,14,34,20,14
validation,differential,high,2026.9.7/log_24_2026-9-7-06-16-04.ulg,27,12,15,27,12,15
validation,differential,high,2026.9.7/log_26_2026-9-7-06-30-26.ulg,25,9,16,25,9,16
validation,differential,high,2026.9.7/log_27_2026-9-7-06-37-24.ulg,25,12,13,25,12,13
validation,differential,high,2026.9.7/log_28_2026-9-7-06-44-02.ulg,22,12,10,22,12,10
validation,differential,high,2026.9.7/log_29_2026-9-7-06-51-04.ulg,32,17,15,32,17,15
validation,differential,high,2026.9.7/log_30_2026-9-7-06-58-22.ulg,11,6,5,11,6,5
validation,differential,high,9.17数据/log_10_2026-9-17-06-34-34.ulg,31,14,17,31,14,17
validation,differential,high,9.17数据/log_11_2026-9-17-06-40-30.ulg,36,16,20,36,16,20
validation,differential,high,9.17数据/log_12_2026-9-17-06-46-02.ulg,28,14,14,28,14,14
validation,differential,high,9.17数据/log_13_2026-9-17-06-52-30.ulg,58,31,27,58,31,27
validation,differential,high,9.17数据/log_6_2026-9-17-06-02-24.ulg,30,13,17,30,13,17
validation,differential,high,9.17数据/log_7_2026-9-17-06-12-16.ulg,17,7,10,17,7,10
validation,differential,high,9.17数据/log_8_2026-9-17-06-17-52.ulg,29,16,13,29,16,13
validation,differential,high,9.17数据/log_9_2026-9-17-06-28-10.ulg,28,14,14,28,14,14
validation,differential,isolated,2026.9.7/log_21_2026-9-7-05-54-56.ulg,2,1,1,2,1,1
validation,differential,isolated,2026.9.7/log_22_2026-9-7-06-01-40.ulg,4,2,2,4,2,2
validation,differential,isolated,2026.9.7/log_26_2026-9-7-06-30-26.ulg,4,1,3,4,1,3
validation,differential,isolated,2026.9.7/log_27_2026-9-7-06-37-24.ulg,2,1,1,2,1,1
validation,differential,isolated,2026.9.7/log_28_2026-9-7-06-44-02.ulg,1,0,1,1,0,1
validation,differential,isolated,9.17数据/log_12_2026-9-17-06-46-02.ulg,1,1,0,1,1,0
validation,differential,isolated_one_direction,2026.9.7/log_21_2026-9-7-05-54-56.ulg,1,0,1,1,0,1
validation,differential,isolated_one_direction,2026.9.7/log_22_2026-9-7-06-01-40.ulg,2,1,1,2,1,1
validation,differential,isolated_one_direction,2026.9.7/log_26_2026-9-7-06-30-26.ulg,4,1,3,4,1,3
validation,differential,isolated_one_direction,2026.9.7/log_27_2026-9-7-06-37-24.ulg,1,1,0,1,1,0
validation,rudder,high,2026.9.7/log_21_2026-9-7-05-54-56.ulg,24,10,14,24,10,14
validation,rudder,high,2026.9.7/log_22_2026-9-7-06-01-40.ulg,23,17,6,23,17,6
validation,rudder,high,2026.9.7/log_23_2026-9-7-06-09-22.ulg,28,13,15,28,13,15
validation,rudder,high,2026.9.7/log_24_2026-9-7-06-16-04.ulg,20,10,10,20,10,10
validation,rudder,high,2026.9.7/log_26_2026-9-7-06-30-26.ulg,15,7,8,15,7,8
validation,rudder,high,2026.9.7/log_27_2026-9-7-06-37-24.ulg,18,10,8,18,10,8
validation,rudder,high,2026.9.7/log_28_2026-9-7-06-44-02.ulg,23,10,13,23,10,13
validation,rudder,high,2026.9.7/log_29_2026-9-7-06-51-04.ulg,26,13,13,26,13,13
validation,rudder,high,2026.9.7/log_30_2026-9-7-06-58-22.ulg,21,9,12,21,9,12
validation,rudder,high,9.17数据/log_10_2026-9-17-06-34-34.ulg,37,18,19,37,18,19
validation,rudder,high,9.17数据/log_11_2026-9-17-06-40-30.ulg,26,10,16,26,10,16
validation,rudder,high,9.17数据/log_12_2026-9-17-06-46-02.ulg,22,10,12,22,10,12
validation,rudder,high,9.17数据/log_13_2026-9-17-06-52-30.ulg,56,29,27,56,29,27
validation,rudder,high,9.17数据/log_6_2026-9-17-06-02-24.ulg,26,15,11,26,15,11
validation,rudder,high,9.17数据/log_7_2026-9-17-06-12-16.ulg,23,15,8,23,15,8
validation,rudder,high,9.17数据/log_8_2026-9-17-06-17-52.ulg,32,19,13,32,19,13
validation,rudder,high,9.17数据/log_9_2026-9-17-06-28-10.ulg,39,17,22,39,17,22
validation,rudder,isolated,2026.9.7/log_22_2026-9-7-06-01-40.ulg,1,1,0,1,1,0
validation,rudder,isolated,2026.9.7/log_27_2026-9-7-06-37-24.ulg,3,3,0,3,3,0
validation,rudder,isolated_one_direction,2026.9.7/log_22_2026-9-7-06-01-40.ulg,1,1,0,1,1,0
validation,rudder,isolated_one_direction,2026.9.7/log_27_2026-9-7-06-37-24.ulg,1,1,0,1,1,0
Sep8,drive,high,2026.9.8/log_0_2026-9-8-05-42-48.ulg,10,4,6,10,4,6
Sep8,drive,high,2026.9.8/log_1_2026-9-8-05-49-28.ulg,15,8,7,15,8,7
Sep8,drive,high,2026.9.8/log_2_2026-9-8-05-56-46.ulg,11,5,6,11,5,6
Sep8,drive,high,2026.9.8/log_4_2026-9-8-06-38-56.ulg,18,11,7,18,11,7
Sep8,drive,high,2026.9.8/log_6_2026-9-8-06-46-18.ulg,18,9,9,18,9,9
Sep8,drive,high,2026.9.8/log_7_2026-9-8-06-55-26.ulg,8,3,5,8,3,5
Sep8,drive,isolated,2026.9.8/log_1_2026-9-8-05-49-28.ulg,3,1,2,3,1,2
Sep8,drive,isolated,2026.9.8/log_2_2026-9-8-05-56-46.ulg,2,1,1,2,1,1
Sep8,drive,isolated,2026.9.8/log_4_2026-9-8-06-38-56.ulg,1,1,0,1,1,0
Sep8,drive,isolated,2026.9.8/log_6_2026-9-8-06-46-18.ulg,1,0,1,1,0,1
Sep8,drive,isolated_one_direction,2026.9.8/log_1_2026-9-8-05-49-28.ulg,3,1,2,3,1,2
Sep8,drive,isolated_one_direction,2026.9.8/log_4_2026-9-8-06-38-56.ulg,1,1,0,1,1,0
Sep8,drive,isolated_one_direction,2026.9.8/log_6_2026-9-8-06-46-18.ulg,1,0,1,1,0,1
Sep8,common,high,2026.9.8/log_0_2026-9-8-05-42-48.ulg,22,15,7,22,15,7
Sep8,common,high,2026.9.8/log_1_2026-9-8-05-49-28.ulg,40,19,21,40,19,21
Sep8,common,high,2026.9.8/log_2_2026-9-8-05-56-46.ulg,33,14,19,33,14,19
Sep8,common,high,2026.9.8/log_4_2026-9-8-06-38-56.ulg,25,15,10,25,15,10
Sep8,common,high,2026.9.8/log_6_2026-9-8-06-46-18.ulg,35,20,15,35,20,15
Sep8,common,high,2026.9.8/log_7_2026-9-8-06-55-26.ulg,41,26,15,41,26,15
Sep8,common,isolated,2026.9.8/log_2_2026-9-8-05-56-46.ulg,1,1,0,1,1,0
Sep8,common,isolated,2026.9.8/log_4_2026-9-8-06-38-56.ulg,1,0,1,1,0,1
Sep8,common,isolated_one_direction,2026.9.8/log_2_2026-9-8-05-56-46.ulg,1,1,0,1,1,0
Sep8,common,isolated_one_direction,2026.9.8/log_4_2026-9-8-06-38-56.ulg,1,0,1,1,0,1
Sep8,differential,high,2026.9.8/log_0_2026-9-8-05-42-48.ulg,22,11,11,22,11,11
Sep8,differential,high,2026.9.8/log_1_2026-9-8-05-49-28.ulg,33,13,20,33,13,20
Sep8,differential,high,2026.9.8/log_2_2026-9-8-05-56-46.ulg,27,12,15,27,12,15
Sep8,differential,high,2026.9.8/log_4_2026-9-8-06-38-56.ulg,26,12,14,26,12,14
Sep8,differential,high,2026.9.8/log_6_2026-9-8-06-46-18.ulg,24,11,13,24,11,13
Sep8,differential,high,2026.9.8/log_7_2026-9-8-06-55-26.ulg,33,15,18,33,15,18
Sep8,differential,isolated,2026.9.8/log_1_2026-9-8-05-49-28.ulg,1,0,1,1,0,1
Sep8,differential,isolated,2026.9.8/log_4_2026-9-8-06-38-56.ulg,3,0,3,3,0,3
Sep8,differential,isolated,2026.9.8/log_6_2026-9-8-06-46-18.ulg,1,1,0,1,1,0
Sep8,differential,isolated_one_direction,2026.9.8/log_1_2026-9-8-05-49-28.ulg,1,0,1,1,0,1
Sep8,differential,isolated_one_direction,2026.9.8/log_4_2026-9-8-06-38-56.ulg,2,0,2,2,0,2
Sep8,rudder,high,2026.9.8/log_0_2026-9-8-05-42-48.ulg,20,7,13,20,7,13
Sep8,rudder,high,2026.9.8/log_1_2026-9-8-05-49-28.ulg,22,10,12,22,10,12
Sep8,rudder,high,2026.9.8/log_2_2026-9-8-05-56-46.ulg,25,10,15,25,10,15
Sep8,rudder,high,2026.9.8/log_4_2026-9-8-06-38-56.ulg,23,7,16,23,7,16
Sep8,rudder,high,2026.9.8/log_6_2026-9-8-06-46-18.ulg,31,15,16,31,15,16
Sep8,rudder,high,2026.9.8/log_7_2026-9-8-06-55-26.ulg,29,14,15,29,14,15
Sep8,rudder,isolated,2026.9.8/log_2_2026-9-8-05-56-46.ulg,1,1,0,1,1,0
Sep8,rudder,isolated,2026.9.8/log_4_2026-9-8-06-38-56.ulg,2,2,0,2,2,0
Sep8,rudder,isolated_one_direction,2026.9.8/log_2_2026-9-8-05-56-46.ulg,1,1,0,1,1,0
Sep8,rudder,isolated_one_direction,2026.9.8/log_4_2026-9-8-06-38-56.ulg,2,2,0,2,2,0
Sep19,drive,high,9.19-2数据/log_0_2026-9-19-14-31-44.ulg,54,23,31,54,23,31
Sep19,drive,high,9.19-2数据/log_1_2026-9-19-14-40-12.ulg,63,31,32,63,31,32
Sep19,drive,high,9.19-2数据/log_3_2026-9-19-14-56-32.ulg,54,25,29,54,25,29
Sep19,drive,high,9.19-2数据/log_4_2026-9-19-15-15-06.ulg,55,29,26,55,29,26
Sep19,drive,high,9.19-2数据/log_5_2026-9-19-15-23-48.ulg,44,22,22,44,22,22
Sep19,drive,high,9.19-2数据/log_6_2026-9-19-15-28-00.ulg,5,3,2,5,3,2
Sep19,drive,high,9.19-2数据/log_7_2026-9-19-15-39-08.ulg,61,30,31,61,30,31
Sep19,drive,high,9.19-2数据/log_8_2026-9-19-15-47-10.ulg,54,29,25,54,29,25
Sep19,drive,high,9.19-3数据/log_0_2026-9-19-17-14-26.ulg,40,19,21,40,19,21
Sep19,drive,high,9.19-3数据/log_1_2026-9-19-17-21-44.ulg,44,26,18,44,26,18
Sep19,drive,high,9.19-3数据/log_2_2026-9-19-17-26-42.ulg,54,25,29,54,25,29
Sep19,drive,high,9.19-3数据/log_3_2026-9-19-17-38-46.ulg,45,22,23,45,22,23
Sep19,drive,high,9.19-3数据/log_4_2026-9-19-17-44-06.ulg,45,19,26,45,19,26
Sep19,drive,high,9.19-3数据/log_5_2026-9-19-17-49-50.ulg,58,30,28,58,30,28
Sep19,drive,high,9.19-3数据/log_9_2026-9-19-17-05-08.ulg,47,22,25,47,22,25
Sep19,drive,high,9.19数据/log_0_2026-9-19-05-53-40.ulg,62,32,30,62,32,30
Sep19,drive,high,9.19数据/log_1_2026-9-19-06-01-30.ulg,69,37,32,69,37,32
Sep19,drive,high,9.19数据/log_2_2026-9-19-06-07-52.ulg,56,29,27,56,29,27
Sep19,drive,high,9.19数据/log_3_2026-9-19-06-14-30.ulg,76,36,40,76,36,40
Sep19,drive,high,9.19数据/log_4_2026-9-19-06-19-40.ulg,72,40,32,72,40,32
Sep19,drive,high,9.19数据/log_5_2026-9-19-06-26-44.ulg,64,32,32,64,32,32
Sep19,drive,high,9.19数据/log_6_2026-9-19-06-31-46.ulg,55,22,33,55,22,33
Sep19,drive,isolated,9.19-2数据/log_0_2026-9-19-14-31-44.ulg,3,2,1,3,2,1
Sep19,drive,isolated,9.19-2数据/log_3_2026-9-19-14-56-32.ulg,1,1,0,1,1,0
Sep19,drive,isolated,9.19-2数据/log_4_2026-9-19-15-15-06.ulg,3,1,2,3,1,2
Sep19,drive,isolated,9.19-2数据/log_8_2026-9-19-15-47-10.ulg,2,1,1,2,1,1
Sep19,drive,isolated,9.19-3数据/log_1_2026-9-19-17-21-44.ulg,2,1,1,2,1,1
Sep19,drive,isolated,9.19-3数据/log_4_2026-9-19-17-44-06.ulg,6,1,5,6,1,5
Sep19,drive,isolated,9.19-3数据/log_5_2026-9-19-17-49-50.ulg,2,1,1,2,1,1
Sep19,drive,isolated,9.19-3数据/log_9_2026-9-19-17-05-08.ulg,1,1,0,1,1,0
Sep19,drive,isolated,9.19数据/log_3_2026-9-19-06-14-30.ulg,1,1,0,1,1,0
Sep19,drive,isolated,9.19数据/log_4_2026-9-19-06-19-40.ulg,1,0,1,1,0,1
Sep19,drive,isolated,9.19数据/log_5_2026-9-19-06-26-44.ulg,1,0,1,1,0,1
Sep19,drive,isolated,9.19数据/log_6_2026-9-19-06-31-46.ulg,1,0,1,1,0,1
Sep19,drive,isolated_one_direction,9.19-2数据/log_0_2026-9-19-14-31-44.ulg,3,2,1,3,2,1
Sep19,drive,isolated_one_direction,9.19-2数据/log_3_2026-9-19-14-56-32.ulg,1,1,0,1,1,0
Sep19,drive,isolated_one_direction,9.19-2数据/log_4_2026-9-19-15-15-06.ulg,2,1,1,2,1,1
Sep19,drive,isolated_one_direction,9.19-2数据/log_8_2026-9-19-15-47-10.ulg,2,1,1,2,1,1
Sep19,drive,isolated_one_direction,9.19-3数据/log_1_2026-9-19-17-21-44.ulg,2,1,1,2,1,1
Sep19,drive,isolated_one_direction,9.19-3数据/log_4_2026-9-19-17-44-06.ulg,6,1,5,6,1,5
Sep19,drive,isolated_one_direction,9.19-3数据/log_5_2026-9-19-17-49-50.ulg,2,1,1,2,1,1
Sep19,drive,isolated_one_direction,9.19-3数据/log_9_2026-9-19-17-05-08.ulg,1,1,0,1,1,0
Sep19,drive,isolated_one_direction,9.19数据/log_3_2026-9-19-06-14-30.ulg,1,1,0,1,1,0
Sep19,drive,isolated_one_direction,9.19数据/log_4_2026-9-19-06-19-40.ulg,1,0,1,1,0,1
Sep19,drive,isolated_one_direction,9.19数据/log_5_2026-9-19-06-26-44.ulg,1,0,1,1,0,1
Sep19,drive,isolated_one_direction,9.19数据/log_6_2026-9-19-06-31-46.ulg,1,0,1,1,0,1
Sep19,common,high,9.19-2数据/log_0_2026-9-19-14-31-44.ulg,30,16,14,30,16,14
Sep19,common,high,9.19-2数据/log_1_2026-9-19-14-40-12.ulg,36,19,17,36,19,17
Sep19,common,high,9.19-2数据/log_3_2026-9-19-14-56-32.ulg,37,18,19,37,18,19
Sep19,common,high,9.19-2数据/log_4_2026-9-19-15-15-06.ulg,30,20,10,30,20,10
Sep19,common,high,9.19-2数据/log_5_2026-9-19-15-23-48.ulg,32,14,18,32,14,18
Sep19,common,high,9.19-2数据/log_6_2026-9-19-15-28-00.ulg,30,15,15,30,15,15
Sep19,common,high,9.19-2数据/log_7_2026-9-19-15-39-08.ulg,31,19,12,31,19,12
Sep19,common,high,9.19-2数据/log_8_2026-9-19-15-47-10.ulg,37,19,18,37,19,18
Sep19,common,high,9.19-3数据/log_0_2026-9-19-17-14-26.ulg,37,22,15,37,22,15
Sep19,common,high,9.19-3数据/log_1_2026-9-19-17-21-44.ulg,30,12,18,30,12,18
Sep19,common,high,9.19-3数据/log_2_2026-9-19-17-26-42.ulg,29,11,18,29,11,18
Sep19,common,high,9.19-3数据/log_3_2026-9-19-17-38-46.ulg,25,16,9,25,16,9
Sep19,common,high,9.19-3数据/log_4_2026-9-19-17-44-06.ulg,13,8,5,13,8,5
Sep19,common,high,9.19-3数据/log_5_2026-9-19-17-49-50.ulg,27,12,15,27,12,15
Sep19,common,high,9.19-3数据/log_9_2026-9-19-17-05-08.ulg,32,21,11,32,21,11
Sep19,common,high,9.19数据/log_0_2026-9-19-05-53-40.ulg,54,24,30,54,24,30
Sep19,common,high,9.19数据/log_1_2026-9-19-06-01-30.ulg,60,28,32,60,28,32
Sep19,common,high,9.19数据/log_2_2026-9-19-06-07-52.ulg,36,16,20,36,16,20
Sep19,common,high,9.19数据/log_3_2026-9-19-06-14-30.ulg,53,28,25,53,28,25
Sep19,common,high,9.19数据/log_4_2026-9-19-06-19-40.ulg,47,22,25,47,22,25
Sep19,common,high,9.19数据/log_5_2026-9-19-06-26-44.ulg,34,21,13,34,21,13
Sep19,common,high,9.19数据/log_6_2026-9-19-06-31-46.ulg,36,17,19,36,17,19
Sep19,common,isolated,9.19-3数据/log_1_2026-9-19-17-21-44.ulg,1,1,0,1,1,0
Sep19,common,isolated_one_direction,9.19-3数据/log_1_2026-9-19-17-21-44.ulg,1,1,0,1,1,0
Sep19,differential,high,9.19-2数据/log_0_2026-9-19-14-31-44.ulg,26,14,12,26,14,12
Sep19,differential,high,9.19-2数据/log_1_2026-9-19-14-40-12.ulg,31,14,17,31,14,17
Sep19,differential,high,9.19-2数据/log_3_2026-9-19-14-56-32.ulg,50,28,22,50,28,22
Sep19,differential,high,9.19-2数据/log_4_2026-9-19-15-15-06.ulg,27,17,10,27,17,10
Sep19,differential,high,9.19-2数据/log_5_2026-9-19-15-23-48.ulg,46,24,22,46,24,22
Sep19,differential,high,9.19-2数据/log_6_2026-9-19-15-28-00.ulg,25,11,14,25,11,14
Sep19,differential,high,9.19-2数据/log_7_2026-9-19-15-39-08.ulg,51,26,25,51,26,25
Sep19,differential,high,9.19-2数据/log_8_2026-9-19-15-47-10.ulg,44,22,22,44,22,22
Sep19,differential,high,9.19-3数据/log_0_2026-9-19-17-14-26.ulg,32,15,17,32,15,17
Sep19,differential,high,9.19-3数据/log_1_2026-9-19-17-21-44.ulg,24,13,11,24,13,11
Sep19,differential,high,9.19-3数据/log_2_2026-9-19-17-26-42.ulg,35,18,17,35,18,17
Sep19,differential,high,9.19-3数据/log_3_2026-9-19-17-38-46.ulg,29,12,17,29,12,17
Sep19,differential,high,9.19-3数据/log_4_2026-9-19-17-44-06.ulg,31,16,15,31,16,15
Sep19,differential,high,9.19-3数据/log_5_2026-9-19-17-49-50.ulg,32,12,20,32,12,20
Sep19,differential,high,9.19-3数据/log_9_2026-9-19-17-05-08.ulg,39,18,21,39,18,21
Sep19,differential,high,9.19数据/log_0_2026-9-19-05-53-40.ulg,67,33,34,67,33,34
Sep19,differential,high,9.19数据/log_1_2026-9-19-06-01-30.ulg,58,31,27,58,31,27
Sep19,differential,high,9.19数据/log_2_2026-9-19-06-07-52.ulg,53,26,27,53,26,27
Sep19,differential,high,9.19数据/log_3_2026-9-19-06-14-30.ulg,50,22,28,50,22,28
Sep19,differential,high,9.19数据/log_4_2026-9-19-06-19-40.ulg,38,19,19,38,19,19
Sep19,differential,high,9.19数据/log_5_2026-9-19-06-26-44.ulg,36,17,19,36,17,19
Sep19,differential,high,9.19数据/log_6_2026-9-19-06-31-46.ulg,34,16,18,34,16,18
Sep19,differential,isolated,9.19-2数据/log_4_2026-9-19-15-15-06.ulg,1,1,0,1,1,0
Sep19,differential,isolated,9.19-3数据/log_2_2026-9-19-17-26-42.ulg,1,0,1,1,0,1
Sep19,differential,isolated,9.19-3数据/log_4_2026-9-19-17-44-06.ulg,1,0,1,1,0,1
Sep19,differential,isolated,9.19数据/log_2_2026-9-19-06-07-52.ulg,1,0,1,1,0,1
Sep19,differential,isolated,9.19数据/log_3_2026-9-19-06-14-30.ulg,1,0,1,1,0,1
Sep19,differential,isolated,9.19数据/log_5_2026-9-19-06-26-44.ulg,1,0,1,1,0,1
Sep19,differential,isolated_one_direction,9.19-2数据/log_4_2026-9-19-15-15-06.ulg,1,1,0,1,1,0
Sep19,differential,isolated_one_direction,9.19-3数据/log_2_2026-9-19-17-26-42.ulg,1,0,1,1,0,1
Sep19,differential,isolated_one_direction,9.19-3数据/log_4_2026-9-19-17-44-06.ulg,1,0,1,1,0,1
Sep19,differential,isolated_one_direction,9.19数据/log_3_2026-9-19-06-14-30.ulg,1,0,1,1,0,1
Sep19,differential,isolated_one_direction,9.19数据/log_5_2026-9-19-06-26-44.ulg,1,0,1,1,0,1
Sep19,rudder,high,9.19-2数据/log_0_2026-9-19-14-31-44.ulg,33,16,17,33,16,17
Sep19,rudder,high,9.19-2数据/log_1_2026-9-19-14-40-12.ulg,44,25,19,44,25,19
Sep19,rudder,high,9.19-2数据/log_3_2026-9-19-14-56-32.ulg,54,31,23,54,31,23
Sep19,rudder,high,9.19-2数据/log_4_2026-9-19-15-15-06.ulg,29,17,12,29,17,12
Sep19,rudder,high,9.19-2数据/log_5_2026-9-19-15-23-48.ulg,47,24,23,47,24,23
Sep19,rudder,high,9.19-2数据/log_6_2026-9-19-15-28-00.ulg,21,12,9,21,12,9
Sep19,rudder,high,9.19-2数据/log_7_2026-9-19-15-39-08.ulg,47,28,19,47,28,19
Sep19,rudder,high,9.19-2数据/log_8_2026-9-19-15-47-10.ulg,42,19,23,42,19,23
Sep19,rudder,high,9.19-3数据/log_0_2026-9-19-17-14-26.ulg,24,14,10,24,14,10
Sep19,rudder,high,9.19-3数据/log_1_2026-9-19-17-21-44.ulg,18,6,12,18,6,12
Sep19,rudder,high,9.19-3数据/log_2_2026-9-19-17-26-42.ulg,32,14,18,32,14,18
Sep19,rudder,high,9.19-3数据/log_3_2026-9-19-17-38-46.ulg,46,21,25,46,21,25
Sep19,rudder,high,9.19-3数据/log_4_2026-9-19-17-44-06.ulg,31,13,18,31,13,18
Sep19,rudder,high,9.19-3数据/log_5_2026-9-19-17-49-50.ulg,40,12,28,40,12,28
Sep19,rudder,high,9.19-3数据/log_9_2026-9-19-17-05-08.ulg,31,17,14,31,17,14
Sep19,rudder,high,9.19数据/log_0_2026-9-19-05-53-40.ulg,76,41,35,76,41,35
Sep19,rudder,high,9.19数据/log_1_2026-9-19-06-01-30.ulg,68,29,39,68,29,39
Sep19,rudder,high,9.19数据/log_2_2026-9-19-06-07-52.ulg,48,26,22,48,26,22
Sep19,rudder,high,9.19数据/log_3_2026-9-19-06-14-30.ulg,49,20,29,49,20,29
Sep19,rudder,high,9.19数据/log_4_2026-9-19-06-19-40.ulg,43,26,17,43,26,17
Sep19,rudder,high,9.19数据/log_5_2026-9-19-06-26-44.ulg,32,18,14,32,18,14
Sep19,rudder,high,9.19数据/log_6_2026-9-19-06-31-46.ulg,30,18,12,30,18,12
Sep19,rudder,isolated,9.19-2数据/log_1_2026-9-19-14-40-12.ulg,1,0,1,1,0,1
Sep19,rudder,isolated,9.19-2数据/log_6_2026-9-19-15-28-00.ulg,1,1,0,1,1,0
Sep19,rudder,isolated,9.19-2数据/log_8_2026-9-19-15-47-10.ulg,1,0,1,1,0,1
Sep19,rudder,isolated,9.19-3数据/log_1_2026-9-19-17-21-44.ulg,1,0,1,1,0,1
Sep19,rudder,isolated,9.19数据/log_1_2026-9-19-06-01-30.ulg,1,0,1,1,0,1
Sep19,rudder,isolated_one_direction,9.19-2数据/log_1_2026-9-19-14-40-12.ulg,1,0,1,1,0,1
Sep19,rudder,isolated_one_direction,9.19-2数据/log_6_2026-9-19-15-28-00.ulg,1,1,0,1,1,0
Sep19,rudder,isolated_one_direction,9.19-2数据/log_8_2026-9-19-15-47-10.ulg,1,0,1,1,0,1
Sep19,rudder,isolated_one_direction,9.19数据/log_1_2026-9-19-06-01-30.ulg,1,0,1,1,0,1
