mode,pattern,step,cohort,metric,continuous,local100ms,reduction_pct
Mission,ALL,5,ALL,attitude_deg,1.335809605827856,1.3358096054947384,2.4937500980989227e-08
Mission,ALL,5,ALL,body_rate_rad_s,0.5105615156724018,0.5105615157342438,-1.2112541601012153e-08
Mission,ALL,5,ALL,p_rad_s,0.45371468353895,0.4537146835657559,-5.908094186258213e-09
Mission,ALL,5,ALL,position_m,0.0213230817881127,0.0213230817881127,0.0
Mission,ALL,5,ALL,q_rad_s,0.1929302562304501,0.192930256319515,-4.6164295890522e-08
Mission,ALL,5,ALL,r_rad_s,0.1299034258524347,0.1299034258763941,-1.8444023031633293e-08
Mission,ALL,5,ALL,roll_deg,1.0047453733276104,1.0047453726757938,6.487380962356514e-08
Mission,ALL,5,ALL,velocity_m_s,0.119518338136165,0.1195183380735447,5.2393882656441556e-08
Mission,ALL,5,Sep17,attitude_deg,1.3575541085024632,1.3575541080027869,3.6807100152155604e-08
Mission,ALL,5,Sep17,body_rate_rad_s,0.5086764844266894,0.5086764845194525,-1.823615251107348e-08
Mission,ALL,5,Sep17,p_rad_s,0.4541849275758491,0.454184927616058,-8.852978011909733e-09
Mission,ALL,5,Sep17,position_m,0.0163663816244759,0.0163663816244759,0.0
Mission,ALL,5,Sep17,q_rad_s,0.1879879278767769,0.1879879280103742,-7.106695701069611e-08
Mission,ALL,5,Sep17,r_rad_s,0.1287913772817556,0.1287913773176947,-2.7904884472714814e-08
Mission,ALL,5,Sep17,roll_deg,1.0078584692901236,1.007858468312399,9.70101058596991e-08
Mission,ALL,5,Sep17,velocity_m_s,0.124392763475345,0.1243927633814147,7.551107102361799e-08
Mission,ALL,5,Sep7,attitude_deg,1.2923206004786416,1.2923206004786416,0.0
Mission,ALL,5,Sep7,body_rate_rad_s,0.5143315781638266,0.5143315781638266,0.0
Mission,ALL,5,Sep7,p_rad_s,0.4527741954651516,0.4527741954651516,0.0
Mission,ALL,5,Sep7,position_m,0.0312364821153865,0.0312364821153865,0.0
Mission,ALL,5,Sep7,q_rad_s,0.2028149129377965,0.2028149129377965,0.0
Mission,ALL,5,Sep7,r_rad_s,0.1321275229937929,0.1321275229937929,0.0
Mission,ALL,5,Sep7,roll_deg,0.9985191814025836,0.9985191814025836,0.0
Mission,ALL,5,Sep7,velocity_m_s,0.1097694874578049,0.1097694874578049,0.0
Mission,ALL,10,ALL,attitude_deg,2.0197158298442286,1.2854646617552323,36.35418197151159
Mission,ALL,10,ALL,body_rate_rad_s,0.5390443584052972,0.5214360442826748,3.266579799613276
Mission,ALL,10,ALL,p_rad_s,0.4810322971928165,0.4687505041955136,2.553215879469283
Mission,ALL,10,ALL,position_m,0.0413079872940451,0.0198885068122752,51.85312063088028
Mission,ALL,10,ALL,q_rad_s,0.1990404728199529,0.1821703457937195,8.475726965084993
Mission,ALL,10,ALL,r_rad_s,0.134606684048809,0.1346007317505796,0.004421993061823595
Mission,ALL,10,ALL,roll_deg,1.4102939877464429,0.9651019036792112,31.567324822721492
Mission,ALL,10,ALL,velocity_m_s,0.1637665979545887,0.1171782003715486,28.448046283503263
Mission,ALL,10,Sep17,attitude_deg,2.1226474145733665,1.2765886526243777,39.85865745484816
Mission,ALL,10,Sep17,body_rate_rad_s,0.5196776583990464,0.4995214553802192,3.8785971829002226
Mission,ALL,10,Sep17,p_rad_s,0.4555363403747861,0.4433176348052488,2.6822680182846743
Mission,ALL,10,Sep17,position_m,0.0334765887680522,0.0162030487549836,51.59886550195132
Mission,ALL,10,Sep17,q_rad_s,0.2096919385167435,0.185962666622622,11.316253768251926
Mission,ALL,10,Sep17,r_rad_s,0.1343593198070094,0.1339068309918672,0.33677516066034646
Mission,ALL,10,Sep17,roll_deg,1.5222776883399138,0.9515952244184503,37.488722871830866
Mission,ALL,10,Sep17,velocity_m_s,0.1718694365909505,0.123096325334633,28.378001478178795
Mission,ALL,10,Sep7,attitude_deg,1.8138526603859528,1.3032166800169411,28.15200989149572
Mission,ALL,10,Sep7,body_rate_rad_s,0.5777777584177987,0.5652652220875859,2.165631360486671
Mission,ALL,10,Sep7,p_rad_s,0.5320242108288772,0.519616242976043,2.3322186472497046
Mission,ALL,10,Sep7,position_m,0.0569707843460308,0.0272594229268586,52.15192622013148
Mission,ALL,10,Sep7,q_rad_s,0.1777375414263718,0.1745857041359146,1.7733098281675403
Mission,ALL,10,Sep7,r_rad_s,0.1351014125324083,0.1359885332680044,-0.6566332053584558
Mission,ALL,10,Sep7,roll_deg,1.1863265865595,0.9921152622007336,16.37081445860573
Mission,ALL,10,Sep7,velocity_m_s,0.1475609206818651,0.1053419504453799,28.61121362037816
Mission,ALL,15,ALL,attitude_deg,2.6189994695155474,1.3078968707313037,50.061201387977626
Mission,ALL,15,ALL,body_rate_rad_s,0.5362475128261984,0.5207186096302393,2.8958461949999097
Mission,ALL,15,ALL,p_rad_s,0.4812425269169422,0.4646087776037109,3.4564171665780754
Mission,ALL,15,ALL,position_m,0.064382979281071,0.0206911014839141,67.8624665789621
Mission,ALL,15,ALL,q_rad_s,0.1917831425252647,0.190170999110044,0.8406074663253181
Mission,ALL,15,ALL,r_rad_s,0.1357024283264315,0.1354487435078153,0.18694198898634964
Mission,ALL,15,ALL,roll_deg,1.837027058102958,0.969878143992304,47.20392714335587
Mission,ALL,15,ALL,velocity_m_s,0.2021046357468536,0.1211520697407972,40.05477940023782
Mission,ALL,15,Sep17,attitude_deg,2.833651117184504,1.3310309496735846,53.02770543622577
Mission,ALL,15,Sep17,body_rate_rad_s,0.5424590517483251,0.5120006256042341,5.6148802468913805
Mission,ALL,15,Sep17,p_rad_s,0.4852885505286077,0.4570858907058421,5.811523843298062
Mission,ALL,15,Sep17,position_m,0.0536751573137995,0.0166712262508399,68.94051720542635
Mission,ALL,15,Sep17,q_rad_s,0.1947359099103318,0.1877575209995676,3.58351416232243
Mission,ALL,15,Sep17,r_rad_s,0.1417415334216055,0.1305085732682658,7.924960230201298
Mission,ALL,15,Sep17,roll_deg,2.027918948695167,0.9789955854512576,51.72412654454572
Mission,ALL,15,Sep17,velocity_m_s,0.2127987695155664,0.126263604468184,40.6652563096951
Mission,ALL,15,Sep7,attitude_deg,2.189696174177635,1.2616287128467414,42.383389635296766
Mission,ALL,15,Sep7,body_rate_rad_s,0.523824434981945,0.5381545776822502,-2.735676639597601
Mission,ALL,15,Sep7,p_rad_s,0.473150479693611,0.4796545513994483,-1.3746306904410188
Mission,ALL,15,Sep7,position_m,0.085798623215614,0.0287308519500625,66.51362122925775
Mission,ALL,15,Sep7,q_rad_s,0.1858776077551306,0.1949979553309968,-4.906641357188679
Mission,ALL,15,Sep7,r_rad_s,0.1236242181360834,0.1453290839869146,-17.557130939294485
Mission,ALL,15,Sep7,roll_deg,1.4552432769185393,0.9516432610743965,34.60589880961416
Mission,ALL,15,Sep7,velocity_m_s,0.1807163682094281,0.1109290002860234,38.61707083584687
Mission,ALL,20,ALL,attitude_deg,3.290168759016781,1.3455428957720657,59.10413737640128
Mission,ALL,20,ALL,body_rate_rad_s,0.5531113320226065,0.526674536085696,4.779651836138839
Mission,ALL,20,ALL,p_rad_s,0.4924978156921947,0.4745617148249037,3.6418640440226486
Mission,ALL,20,ALL,position_m,0.0897798718432221,0.0199837053000547,77.74144149486958
Mission,ALL,20,ALL,q_rad_s,0.2104558830687607,0.186627793747614,11.32213030764339
Mission,ALL,20,ALL,r_rad_s,0.1316161584188408,0.1285475961782441,2.3314479600837843
Mission,ALL,20,ALL,roll_deg,2.341836069587154,1.0325215297523036,55.90974350590098
Mission,ALL,20,ALL,velocity_m_s,0.2542270524303908,0.1201682402164815,52.73192248122988
Mission,ALL,20,Sep17,attitude_deg,3.5822863204355486,1.334155967463463,62.75685838251893
Mission,ALL,20,Sep17,body_rate_rad_s,0.5378924378035268,0.5015881058320156,6.74936649411901
Mission,ALL,20,Sep17,p_rad_s,0.4703603686636377,0.4471413786940159,4.9364256677471205
Mission,ALL,20,Sep17,position_m,0.0774362821040051,0.0163774797249176,78.85037958960773
Mission,ALL,20,Sep17,q_rad_s,0.2201793678067975,0.1886657400082393,14.312707004504942
Mission,ALL,20,Sep17,r_rad_s,0.1365804658769473,0.1247323183911225,8.674847760806026
Mission,ALL,20,Sep17,roll_deg,2.5858770995825138,1.0007026792689655,61.30122814303404
Mission,ALL,20,Sep17,velocity_m_s,0.2662719684720941,0.126065409444107,52.65539584677727
Mission,ALL,20,Sep7,attitude_deg,2.7059336361792448,1.368316752389271,49.432730570535256
Mission,ALL,20,Sep7,body_rate_rad_s,0.5835491204607661,0.5768473965930571,1.1484421161353875
Mission,ALL,20,Sep7,p_rad_s,0.5367727097493088,0.5294023870866793,1.3730807339426188
Mission,ALL,20,Sep7,position_m,0.1144670513216561,0.027196156450329,76.24106139162534
Mission,ALL,20,Sep7,q_rad_s,0.191008913592687,0.1825519012263634,4.427548540670518
Mission,ALL,20,Sep7,r_rad_s,0.1216875435026276,0.1361781517524873,-11.908045665780733
Mission,ALL,20,Sep7,roll_deg,1.853754009596433,1.096159230718979,40.868139729196564
Mission,ALL,20,Sep7,velocity_m_s,0.230137220346984,0.1083739017612306,52.90900724453333
Mission,ALL,25,ALL,attitude_deg,3.858191018737221,1.3276633961141353,65.58844832548812
Mission,ALL,25,ALL,body_rate_rad_s,0.5545973247941111,0.511507253400365,7.769614000526035
Mission,ALL,25,ALL,p_rad_s,0.4855686516450441,0.454939266418088,6.3079412402731645
Mission,ALL,25,ALL,position_m,0.1181814796249459,0.0204378457229638,82.70638869319949
Mission,ALL,25,ALL,q_rad_s,0.2185294534690102,0.191422278654026,12.404357574997684
Mission,ALL,25,ALL,r_rad_s,0.1502659732879779,0.1306487565928546,13.054995928804043
Mission,ALL,25,ALL,roll_deg,2.835028604444183,1.014309006913214,64.22226550648604
Mission,ALL,25,ALL,velocity_m_s,0.2965863680037182,0.1234134401985886,58.38870106226817
Mission,ALL,25,Sep17,attitude_deg,4.233052919582569,1.359235515852786,67.88994747585572
Mission,ALL,25,Sep17,body_rate_rad_s,0.552552900407452,0.4984919794754056,9.78384529194977
Mission,ALL,25,Sep17,p_rad_s,0.4764464103366609,0.440456724330176,7.553774196987712
Mission,ALL,25,Sep17,position_m,0.1046672814729215,0.0166799591948459,84.06382686153822
Mission,ALL,25,Sep17,q_rad_s,0.2277279519458844,0.1918157934374835,15.769763088606183
Mission,ALL,25,Sep17,r_rad_s,0.1588850422515877,0.1286511236464091,19.028801060646398
Mission,ALL,25,Sep17,roll_deg,3.1738783746441137,1.0216155729997185,67.81176048958486
Mission,ALL,25,Sep17,velocity_m_s,0.3098092821288192,0.1282323934197065,58.60924742519908
Mission,ALL,25,Sep7,attitude_deg,3.108467217046527,1.264519156636834,59.32017073552085
Mission,ALL,25,Sep7,body_rate_rad_s,0.558686173567429,0.5375378012502835,3.785375997781528
Mission,ALL,25,Sep7,p_rad_s,0.5038131342618103,0.4839043505939123,3.951620613676231
Mission,ALL,25,Sep7,position_m,0.1452098759289946,0.0279536187791995,80.74950577544162
Mission,ALL,25,Sep7,q_rad_s,0.2001324565152618,0.1906352490871111,4.745460878019276
Mission,ALL,25,Sep7,r_rad_s,0.1330278353607582,0.1346440224857455,-1.2149240199273719
Mission,ALL,25,Sep7,roll_deg,2.157329064044321,0.9996958747402062,53.66048270512393
Mission,ALL,25,Sep7,velocity_m_s,0.2701405397535164,0.113775533756353,57.8828361488561
Mission,ALL,30,ALL,attitude_deg,4.455707728381195,1.3852807363161517,68.90997298829923
Mission,ALL,30,ALL,body_rate_rad_s,0.5694049454817299,0.5295148896045189,7.005568917822296
Mission,ALL,30,ALL,p_rad_s,0.5018295476660493,0.4756559790027214,5.215629248030151
Mission,ALL,30,ALL,position_m,0.1496585418948575,0.0200184757088468,86.62390034314863
Mission,ALL,30,ALL,q_rad_s,0.2148144679162484,0.1879537235704759,12.504159801864425
Mission,ALL,30,ALL,r_rad_s,0.1566887608930257,0.1344925909037095,14.165770322524876
Mission,ALL,30,ALL,roll_deg,3.3463804842906555,1.0548990363323647,68.47641679466777
Mission,ALL,30,ALL,velocity_m_s,0.3461199138999349,0.1221407079295002,64.71144738444268
Mission,ALL,30,Sep17,attitude_deg,4.9079501689671465,1.382958521102175,71.82207492963988
Mission,ALL,30,Sep17,body_rate_rad_s,0.570095949321146,0.5151912671428014,9.630779212468283
Mission,ALL,30,Sep17,p_rad_s,0.4957230745343306,0.4618575802295479,6.831534791192656
Mission,ALL,30,Sep17,position_m,0.1356124095174719,0.0160844643576662,88.13938605257661
Mission,ALL,30,Sep17,q_rad_s,0.2260403584247388,0.1859949709461479,17.716034321333023
Mission,ALL,30,Sep17,r_rad_s,0.1636463768244852,0.129625893599669,20.789023188276282
Mission,ALL,30,Sep17,roll_deg,3.7390878331160655,1.030118881066782,72.44999510459999
Mission,ALL,30,Sep17,velocity_m_s,0.3606640152044131,0.1282613952625333,64.43742933715227
Mission,ALL,30,Sep7,attitude_deg,3.551222847209293,1.3899251667441046,60.860660495120186
Mission,ALL,30,Sep7,body_rate_rad_s,0.5680229378028976,0.5581621345279536,1.7359868094562156
Mission,ALL,30,Sep7,p_rad_s,0.5140424939294865,0.5032527765490685,2.0989932754271634
Mission,ALL,30,Sep7,position_m,0.1777508066496288,0.027886498411208,84.31146449524918
Mission,ALL,30,Sep7,q_rad_s,0.1923626868992677,0.1918712288191319,0.25548514010575407
Mission,ALL,30,Sep7,r_rad_s,0.1427735290301067,0.1442259855117907,-1.0173149683634346
Mission,ALL,30,Sep7,roll_deg,2.560965786639834,1.10445934686353,56.87332674941129
Mission,ALL,30,Sep7,velocity_m_s,0.3170317112909788,0.1098993332634341,65.3349083547778
Mission,ALL,35,ALL,attitude_deg,4.9144128602082535,1.3298153877771128,72.94050325839412
Mission,ALL,35,ALL,body_rate_rad_s,0.5687498205234385,0.5209307194828346,8.407756682295636
Mission,ALL,35,ALL,p_rad_s,0.4828872784369378,0.4651628064995786,3.670519545416834
Mission,ALL,35,ALL,position_m,0.1854995921212349,0.0202165333168927,89.10157532654841
Mission,ALL,35,ALL,q_rad_s,0.2448561511904911,0.1882284552073604,23.12692399509129
Mission,ALL,35,ALL,r_rad_s,0.1631483341500031,0.1354070330773437,17.003729285493826
Mission,ALL,35,ALL,roll_deg,3.695015960824442,1.0209260653615164,72.37018523909909
Mission,ALL,35,ALL,velocity_m_s,0.3942287149975912,0.1194923535185259,69.68958653373183
Mission,ALL,35,Sep17,attitude_deg,5.38486228864383,1.294317794874683,75.96377167148215
Mission,ALL,35,Sep17,body_rate_rad_s,0.5510791856475584,0.4907114703780892,10.954453886428812
Mission,ALL,35,Sep17,p_rad_s,0.4521386182003334,0.4321561459588545,4.419545563485819
Mission,ALL,35,Sep17,position_m,0.1715552325810062,0.0164361936128886,90.4192991577056
Mission,ALL,35,Sep17,q_rad_s,0.2586757775715836,0.1883614273578789,27.18242537968077
Mission,ALL,35,Sep17,r_rad_s,0.1739743313571426,0.1329831642978836,23.56161781999348
Mission,ALL,35,Sep17,roll_deg,4.141398651740405,0.9678675983640984,76.62945106824344
Mission,ALL,35,Sep17,velocity_m_s,0.4130465139600578,0.1231592244760941,70.18272269258183
Mission,ALL,35,Sep7,attitude_deg,3.9735140033371015,1.400810573581973,64.74630333741062
Mission,ALL,35,Sep7,body_rate_rad_s,0.6040910902751986,0.5813692176923254,3.7613321812976976
Mission,ALL,35,Sep7,p_rad_s,0.5443845989101467,0.5311761275810266,2.426312455488879
Mission,ALL,35,Sep7,position_m,0.2133883112016924,0.0277772127249009,86.98278618520666
Mission,ALL,35,Sep7,q_rad_s,0.2172168984283059,0.1879625109063235,13.467823053204148
Mission,ALL,35,Sep7,r_rad_s,0.1414963397357241,0.1402547706362638,0.877456690243158
Mission,ALL,35,Sep7,roll_deg,2.8022505789925165,1.127042999356352,59.78079163207618
Mission,ALL,35,Sep7,velocity_m_s,0.3565931170726581,0.1121586116033895,68.54717429093381
Mission,ALL,40,ALL,attitude_deg,5.459320065916142,1.3196778253474897,75.82706620213463
Mission,ALL,40,ALL,body_rate_rad_s,0.577073079041805,0.5232951508537703,9.319084556384041
Mission,ALL,40,ALL,p_rad_s,0.4888639839215602,0.4668428232207066,4.5045577962615875
Mission,ALL,40,ALL,position_m,0.2249620593825868,0.0190217350828254,91.54446970523342
Mission,ALL,40,ALL,q_rad_s,0.2520792202722705,0.1925220529181832,23.62636923811477
Mission,ALL,40,ALL,r_rad_s,0.1679134015180462,0.1344960289584434,19.90155178650903
Mission,ALL,40,ALL,roll_deg,4.141560280315641,1.0110178653546669,75.58847881171938
Mission,ALL,40,ALL,velocity_m_s,0.4509242281301617,0.1198830658827745,73.41392225033215
Mission,ALL,40,Sep17,attitude_deg,5.990043187127426,1.313509190017647,78.07179098741103
Mission,ALL,40,Sep17,body_rate_rad_s,0.5836315852562799,0.5151835922096052,11.727945295595736
Mission,ALL,40,Sep17,p_rad_s,0.4838615483648749,0.4579126787514448,5.362870784239772
Mission,ALL,40,Sep17,position_m,0.2119875046019294,0.0158441419508484,92.52590760922415
Mission,ALL,40,Sep17,q_rad_s,0.2701781738434258,0.1932976435332063,28.455492616799408
Mission,ALL,40,Sep17,r_rad_s,0.1798133116119312,0.1330511116288067,26.00597228532533
Mission,ALL,40,Sep17,roll_deg,4.6388427128499545,0.9844173136911768,78.77881673021022
Mission,ALL,40,Sep17,velocity_m_s,0.4734539652182949,0.1261079491943274,73.36426380203977
Mission,ALL,40,Sep7,attitude_deg,4.397873823493577,1.3320150960071742,69.71229395232969
Mission,ALL,40,Sep7,body_rate_rad_s,0.5639560666128551,0.5395182681421005,4.333280536820742
Mission,ALL,40,Sep7,p_rad_s,0.4988688550349309,0.4847031121592302,2.839572511438668
Mission,ALL,40,Sep7,position_m,0.2509111689439019,0.0253769213467793,89.88609337177293
Mission,ALL,40,Sep7,q_rad_s,0.2158813131299598,0.1909708716881371,11.538952158784916
Mission,ALL,40,Sep7,r_rad_s,0.1441135813302762,0.1373858636177169,4.668343989829023
Mission,ALL,40,Sep7,roll_deg,3.146995415247016,1.064218968681647,66.1830149632387
Mission,ALL,40,Sep7,velocity_m_s,0.4058647539538952,0.1074332992596688,73.52977852521954
Mission,ALL,45,ALL,attitude_deg,6.0599455384387495,1.344848754608118,77.80757688204245
Mission,ALL,45,ALL,body_rate_rad_s,0.5924064245322388,0.5243909196297296,11.481223377382156
Mission,ALL,45,ALL,p_rad_s,0.5007096750589812,0.4667853505642501,6.775248449260547
Mission,ALL,45,ALL,position_m,0.2704317874792647,0.0198189879108458,92.67135417194054
Mission,ALL,45,ALL,q_rad_s,0.2607593081182091,0.1951911956394978,25.145070736645582
Mission,ALL,45,ALL,r_rad_s,0.1699111133867107,0.1345538653713568,20.809261566594678
Mission,ALL,45,ALL,roll_deg,4.619700309557217,1.0017284024536155,78.31616045782788
Mission,ALL,45,ALL,velocity_m_s,0.5187000102123667,0.1224994483871271,76.38337266718516
Mission,ALL,45,Sep17,attitude_deg,6.674410078579759,1.332106274398585,80.04158781502315
Mission,ALL,45,Sep17,body_rate_rad_s,0.5795502737505484,0.4969698030017511,14.249060778520446
Mission,ALL,45,Sep17,p_rad_s,0.4757885861112131,0.4380270148438956,7.936628235653162
Mission,ALL,45,Sep17,position_m,0.2592503076837143,0.016464946434651,93.64901566298688
Mission,ALL,45,Sep17,q_rad_s,0.274354904162754,0.1922200573009418,29.937444388851826
Mission,ALL,45,Sep17,r_rad_s,0.1796232929367362,0.1322425543513264,26.377836532646924
Mission,ALL,45,Sep17,roll_deg,5.208999037927291,0.9703749057572016,81.37118285697893
Mission,ALL,45,Sep17,velocity_m_s,0.5494152714646369,0.1267662955447832,76.92705279071542
Mission,ALL,45,Sep7,attitude_deg,4.83101645815673,1.3703337150271844,71.63467094562469
Mission,ALL,45,Sep7,body_rate_rad_s,0.6181187260956196,0.5792331528856866,6.290955372854638
Mission,ALL,45,Sep7,p_rad_s,0.5505518529545173,0.5243020220049591,4.767912560586134
Mission,ALL,45,Sep7,position_m,0.2927947470703656,0.0265270708632353,90.94004549990775
Mission,ALL,45,Sep7,q_rad_s,0.233568116029119,0.2011334723166097,13.8865887450433
Mission,ALL,45,Sep7,r_rad_s,0.1504867542866596,0.1391764874114177,7.515788966846338
Mission,ALL,45,Sep7,roll_deg,3.441102852817071,1.0644353958464434,69.06702759625335
Mission,ALL,45,Sep7,velocity_m_s,0.4572694877078262,0.1139657540718149,75.07689510553267
Mission,ALL,50,ALL,attitude_deg,6.629925132698074,1.338860973317591,79.8057904648957
Mission,ALL,50,ALL,body_rate_rad_s,0.5957476532698659,0.5358718675076349,10.050528178095568
Mission,ALL,50,ALL,p_rad_s,0.5013345218341864,0.4825807029953581,3.740779464022425
Mission,ALL,50,ALL,position_m,0.3210735936392856,0.0193966389516904,93.95881837187711
Mission,ALL,50,ALL,q_rad_s,0.2686985597946963,0.1881746385371666,29.968125366602404
Mission,ALL,50,ALL,r_rad_s,0.1668168025085089,0.1335762724820983,19.926368043599847
Mission,ALL,50,ALL,roll_deg,5.083574785905621,1.0200609239206753,79.93418082982024
Mission,ALL,50,ALL,velocity_m_s,0.5836061141255893,0.1229296601747367,78.93619391583638
Mission,ALL,50,Sep17,attitude_deg,7.330544421210502,1.350378820386182,81.57873763810856
Mission,ALL,50,Sep17,body_rate_rad_s,0.6026346772032077,0.5203184687071993,13.659387952587315
Mission,ALL,50,Sep17,p_rad_s,0.4935859146251251,0.4678821805105168,5.207550165634305
Mission,ALL,50,Sep17,position_m,0.312523078990479,0.0159581126437954,94.89378106239586
Mission,ALL,50,Sep17,q_rad_s,0.2903685775970778,0.1855157993406889,36.110235867837275
Mission,ALL,50,Sep17,r_rad_s,0.1806553618862674,0.1291977526719079,28.483853829234775
Mission,ALL,50,Sep17,roll_deg,5.772143059921788,1.0174055781832976,82.3738675978505
Mission,ALL,50,Sep17,velocity_m_s,0.6178492057430457,0.1280075825441786,79.28174361084878
Mission,ALL,50,Sep7,attitude_deg,5.2286865556732165,1.3158252791804086,74.83449686321863
Mission,ALL,50,Sep7,body_rate_rad_s,0.5819736054031824,0.5669786651085061,2.5765670737400588
Mission,ALL,50,Sep7,p_rad_s,0.5168317362523087,0.5119777479650407,0.9391815453256883
Mission,ALL,50,Sep7,position_m,0.3381746229368989,0.0262736915674803,92.23073235380446
Mission,ALL,50,Sep7,q_rad_s,0.2253585241899333,0.1934923169301221,14.140227166625484
Mission,ALL,50,Sep7,r_rad_s,0.1391396837529919,0.1423333121024792,-2.2952677937351083
Mission,ALL,50,Sep7,roll_deg,3.706438237873288,1.0253716153954304,72.33539183472872
Mission,ALL,50,Sep7,velocity_m_s,0.5151199308906764,0.1127738154358528,78.10727004081178
Mission,sustained,5,ALL,attitude_deg,1.346822265439343,1.3468222649399006,3.708301222356851e-08
Mission,sustained,5,ALL,body_rate_rad_s,0.5205647394202244,0.5205647394042582,3.0670975443360072e-09
Mission,sustained,5,ALL,p_rad_s,0.4653026799435021,0.4653026799618586,-3.9450628142808995e-09
Mission,sustained,5,ALL,position_m,0.0232800448631307,0.0232800448631307,0.0
Mission,sustained,5,ALL,q_rad_s,0.188841091918051,0.1888410918043332,6.02187859585941e-08
Mission,sustained,5,ALL,r_rad_s,0.1337764670079159,0.1337764670038455,3.0426955997741777e-09
Mission,sustained,5,ALL,roll_deg,1.0275066384764369,1.027506637508252,9.422662874942589e-08
Mission,sustained,5,ALL,velocity_m_s,0.1197343945328914,0.1197343945304978,1.999090751714525e-09
Mission,sustained,5,Sep17,attitude_deg,1.3764443192183295,1.376444318469166,5.442745555112386e-08
Mission,sustained,5,Sep17,body_rate_rad_s,0.5209720888513036,0.5209720888273545,4.59701709327794e-09
Mission,sustained,5,Sep17,p_rad_s,0.4659314456485331,0.4659314456760679,-5.90962641056697e-09
Mission,sustained,5,Sep17,position_m,0.0167612096762319,0.0167612096762319,0.0
Mission,sustained,5,Sep17,q_rad_s,0.1889901824218478,0.1889901822512711,9.025692087817438e-08
Mission,sustained,5,Sep17,r_rad_s,0.1334748271887254,0.1334748271826198,4.574336888682588e-09
Mission,sustained,5,Sep17,roll_deg,1.0526903877737457,1.0526903863214685,1.3795862527712008e-07
Mission,sustained,5,Sep17,velocity_m_s,0.1229806334342335,0.1229806334306432,2.9194097523427247e-09
Mission,sustained,5,Sep7,attitude_deg,1.28757815788137,1.28757815788137,0.0
Mission,sustained,5,Sep7,body_rate_rad_s,0.5197500405580658,0.5197500405580658,0.0
Mission,sustained,5,Sep7,p_rad_s,0.46404514853344,0.46404514853344,0.0
Mission,sustained,5,Sep7,position_m,0.0363177152369284,0.0363177152369284,0.0
Mission,sustained,5,Sep7,q_rad_s,0.1885429109104575,0.1885429109104575,0.0
Mission,sustained,5,Sep7,r_rad_s,0.1343797466462971,0.1343797466462971,0.0
Mission,sustained,5,Sep7,roll_deg,0.97713913988182,0.97713913988182,0.0
Mission,sustained,5,Sep7,velocity_m_s,0.1132419167302071,0.1132419167302071,0.0
Mission,sustained,10,ALL,attitude_deg,2.09593540983318,1.3420594066647658,35.96847496499985
Mission,sustained,10,ALL,body_rate_rad_s,0.533674174056496,0.514802082563406,3.5362572165787713
Mission,sustained,10,ALL,p_rad_s,0.4750149582602496,0.4609844133034841,2.953705922894005
Mission,sustained,10,ALL,position_m,0.0451428826717694,0.0215397472836763,52.28539692449367
Mission,sustained,10,ALL,q_rad_s,0.1997798622703741,0.1844177814775631,7.689504146329101
Mission,sustained,10,ALL,r_rad_s,0.13528525744413,0.1336340385286857,1.2205460865728348
Mission,sustained,10,ALL,roll_deg,1.515821374551117,1.02832351213488,32.16064046864366
Mission,sustained,10,ALL,velocity_m_s,0.1671021251096225,0.119626449238706,28.41117420844975
Mission,sustained,10,Sep17,attitude_deg,2.190795097284139,1.3357000179481922,39.03126679423292
Mission,sustained,10,Sep17,body_rate_rad_s,0.5306221793532472,0.5115120525062544,3.601456477052143
Mission,sustained,10,Sep17,p_rad_s,0.4679198241773088,0.4562595917171257,2.4919295694906687
Mission,sustained,10,Sep17,position_m,0.0340266870485662,0.0163994311561063,51.804208465257176
Mission,sustained,10,Sep17,q_rad_s,0.2081229679823706,0.1868411801290902,10.225583490181197
Mission,sustained,10,Sep17,r_rad_s,0.1369901112369564,0.1347421041009751,1.640999569737448
Mission,sustained,10,Sep17,roll_deg,1.6168507123220872,1.013316775679714,37.32774659050559
Mission,sustained,10,Sep17,velocity_m_s,0.171752728848409,0.1242803372683228,27.63996350939256
Mission,sustained,10,Sep7,attitude_deg,1.906216034931262,1.3547781840979127,28.928402695617553
Mission,sustained,10,Sep7,body_rate_rad_s,0.5397781634629936,0.5213821426777091,3.408070579821754
Mission,sustained,10,Sep7,p_rad_s,0.489205226426131,0.470434056476201,3.8370746950236043
Mission,sustained,10,Sep7,position_m,0.0673752739181759,0.0318203795388163,52.77142831736661
Mission,sustained,10,Sep7,q_rad_s,0.1830936508463811,0.1795709841745089,1.9239698676541142
Mission,sustained,10,Sep7,r_rad_s,0.1318755498584773,0.1314179073841071,0.3470260217768273
Mission,sustained,10,Sep7,roll_deg,1.3137626990091775,1.0583369850452111,19.442302187191423
Mission,sustained,10,Sep7,velocity_m_s,0.1578009176320497,0.1103186731794723,30.089967260706
Mission,sustained,15,ALL,attitude_deg,2.702419086579303,1.3206807888943115,51.12968245920669
Mission,sustained,15,ALL,body_rate_rad_s,0.5439436402207058,0.5312101619541654,2.340955445563046
Mission,sustained,15,ALL,p_rad_s,0.4837928128664709,0.4705948396602988,2.728021759557394
Mission,sustained,15,ALL,position_m,0.0695567624130203,0.0221971399599591,68.08773268060557
Mission,sustained,15,ALL,q_rad_s,0.2021313961148857,0.2036322220081588,-0.7425001370989784
Mission,sustained,15,ALL,r_rad_s,0.1383662481302373,0.1344113532806759,2.8582800379459834
Mission,sustained,15,ALL,roll_deg,1.911648082644133,0.9661163543315044,49.46160001399411
Mission,sustained,15,ALL,velocity_m_s,0.2056410010322797,0.1229809398009978,40.19629393766016
Mission,sustained,15,Sep17,attitude_deg,2.9164900725471363,1.356946224739744,53.47331240683272
Mission,sustained,15,Sep17,body_rate_rad_s,0.5559086517699413,0.525654613338665,5.442267958045144
Mission,sustained,15,Sep17,p_rad_s,0.4937357059940854,0.4663525059800796,5.546125119485246
Mission,sustained,15,Sep17,position_m,0.0542320235887187,0.0171493290351436,68.37785518534295
Mission,sustained,15,Sep17,q_rad_s,0.2066434016998485,0.2007149757895018,2.8689161432590997
Mission,sustained,15,Sep17,r_rad_s,0.145278099490568,0.1307911790096892,9.971854348094181
Mission,sustained,15,Sep17,roll_deg,2.1268112210496155,0.9793308379720116,53.953090510369975
Mission,sustained,15,Sep17,velocity_m_s,0.2133037094883253,0.1285834334293437,39.71814473466463
Mission,sustained,15,Sep7,attitude_deg,2.2742771146436365,1.2481499172034474,45.118828784458664
Mission,sustained,15,Sep7,body_rate_rad_s,0.5200136171222348,0.5423212591851659,-4.289818829434128
Mission,sustained,15,Sep7,p_rad_s,0.463907026611242,0.4790795070207372,-3.2705864621899488
Mission,sustained,15,Sep7,position_m,0.1002062400616235,0.03229276180959,67.77370172782551
Mission,sustained,15,Sep7,q_rad_s,0.1931073849449602,0.209466714445473,-8.471622928960262
Mission,sustained,15,Sep7,r_rad_s,0.1245425454095761,0.1416517018226492,-13.737599755013168
Mission,sustained,15,Sep7,roll_deg,1.4813218058331683,0.9396873870504902,36.56426420308019
Mission,sustained,15,Sep7,velocity_m_s,0.1903155841201887,0.1117759525443058,41.26810315558987
Mission,sustained,20,ALL,attitude_deg,3.399742605428561,1.36863595597439,59.742953663932916
Mission,sustained,20,ALL,body_rate_rad_s,0.5709789558919449,0.5438435813860134,4.752429879581543
Mission,sustained,20,ALL,p_rad_s,0.5135697616852836,0.4943035659011555,3.751427210376619
Mission,sustained,20,ALL,position_m,0.0961524146912509,0.0209231992332883,78.23954884495258
Mission,sustained,20,ALL,q_rad_s,0.2047817407281285,0.1823897150222234,10.934581191803183
Mission,sustained,20,ALL,r_rad_s,0.1333283503933892,0.128422815326224,3.6792888029374713
Mission,sustained,20,ALL,roll_deg,2.4124412096737,1.058257422198193,56.133338381276864
Mission,sustained,20,ALL,velocity_m_s,0.2622330209356535,0.1230602727271917,53.07216753705929
Mission,sustained,20,Sep17,attitude_deg,3.700378043073695,1.3556174142775137,63.365434598907115
Mission,sustained,20,Sep17,body_rate_rad_s,0.5436158911618828,0.5052104839001288,7.064805846582087
Mission,sustained,20,Sep17,p_rad_s,0.4793163644777324,0.4517473743395986,5.751731461990292
Mission,sustained,20,Sep17,position_m,0.0785206180960479,0.0168177419142698,78.58175047259815
Mission,sustained,20,Sep17,q_rad_s,0.2140642410632739,0.1881245452503205,12.117715543758688
Mission,sustained,20,Sep17,r_rad_s,0.1372140372044974,0.1228651583666744,10.457296593086975
Mission,sustained,20,Sep17,roll_deg,2.676242150002961,1.016461965947139,62.01905847921817
Mission,sustained,20,Sep17,velocity_m_s,0.2720683870027844,0.1299382194858216,52.240603578653996
Mission,sustained,20,Sep7,attitude_deg,2.798471730138293,1.3946730393681437,50.16304705357082
Mission,sustained,20,Sep7,body_rate_rad_s,0.6257050853520693,0.6211097763577825,0.7344209120021868
Mission,sustained,20,Sep7,p_rad_s,0.5820765561003859,0.5794159490242693,0.4570888568234557
Mission,sustained,20,Sep7,position_m,0.1314160078816571,0.0291341138713254,77.83062022583938
Mission,sustained,20,Sep7,q_rad_s,0.1862167400578375,0.1709200545660291,8.214452410163217
Mission,sustained,20,Sep7,r_rad_s,0.1255569767711727,0.139538129245323,-11.135305128946294
Mission,sustained,20,Sep7,roll_deg,1.8848393290151773,1.1418483347003012,39.41932783751316
Mission,sustained,20,Sep7,velocity_m_s,0.2425622888013917,0.109304379209932,54.93760396554072
Mission,sustained,25,ALL,attitude_deg,3.98737008616048,1.3531946804239532,66.06297757209259
Mission,sustained,25,ALL,body_rate_rad_s,0.5509256548383948,0.5119863064652419,7.0679860397089636
Mission,sustained,25,ALL,p_rad_s,0.4790332493929174,0.4512118697565306,5.807818073514744
Mission,sustained,25,ALL,position_m,0.12578672203174,0.0213397800798299,83.03495016394085
Mission,sustained,25,ALL,q_rad_s,0.2206465257923201,0.198376278443101,10.093178339993724
Mission,sustained,25,ALL,r_rad_s,0.1527434688937674,0.1312189011696986,14.091972560240247
Mission,sustained,25,ALL,roll_deg,2.902820775540861,1.0463285256824888,63.954766532648435
Mission,sustained,25,ALL,velocity_m_s,0.3069045150828244,0.1250322262808683,59.26021933984067
Mission,sustained,25,Sep17,attitude_deg,4.379403621202447,1.3830789458651065,68.41855500212249
Mission,sustained,25,Sep17,body_rate_rad_s,0.5685030696399105,0.5189255556224915,8.720711754260416
Mission,sustained,25,Sep17,p_rad_s,0.4905323797585321,0.4585016785528688,6.52978325741323
Mission,sustained,25,Sep17,position_m,0.1064707240907039,0.0168466617308787,84.17718872980821
Mission,sustained,25,Sep17,q_rad_s,0.2303256604783978,0.2003507344915831,13.014149584790202
Mission,sustained,25,Sep17,r_rad_s,0.1652478684804979,0.1279970675741975,22.54237906293881
Mission,sustained,25,Sep17,roll_deg,3.272021688058178,1.042592591076989,68.1361344613908
Mission,sustained,25,Sep17,velocity_m_s,0.3228731077745712,0.1305223259151808,59.574729894720434
Mission,sustained,25,Sep7,attitude_deg,3.203303016076548,1.293426149541647,59.622110582412084
Mission,sustained,25,Sep7,body_rate_rad_s,0.5157708252353638,0.4981078081507428,3.4245863124500584
Mission,sustained,25,Sep7,p_rad_s,0.456034988661688,0.4366322521638543,4.2546596160909305
Mission,sustained,25,Sep7,position_m,0.1644187179138122,0.0303260167777324,81.55561777727206
Mission,sustained,25,Sep7,q_rad_s,0.2012882564201644,0.1944273663461367,3.4084899914411535
Mission,sustained,25,Sep7,r_rad_s,0.1277346697203065,0.1376625683607009,-7.772281920118447
Mission,sustained,25,Sep7,roll_deg,2.1644189505062283,1.0538003948934878,51.31254997342275
Mission,sustained,25,Sep7,velocity_m_s,0.2749673296993307,0.1140520270122433,58.521607953586305
Mission,sustained,30,ALL,attitude_deg,4.572369505010756,1.3843827010809473,69.72286033392896
Mission,sustained,30,ALL,body_rate_rad_s,0.5691856978953781,0.5257185188449034,7.636730720957853
Mission,sustained,30,ALL,p_rad_s,0.4965930140141065,0.4693026027123798,5.495528638457948
Mission,sustained,30,ALL,position_m,0.1584253958733533,0.0214198493064726,86.47953556411132
Mission,sustained,30,ALL,q_rad_s,0.2162607439308348,0.1883061285263767,12.926347563753238
Mission,sustained,30,ALL,r_rad_s,0.1632194451805626,0.1367979661123422,16.187703027045252
Mission,sustained,30,ALL,roll_deg,3.385050793519128,1.0507800857319494,68.95821806444594
Mission,sustained,30,ALL,velocity_m_s,0.3581367283727618,0.1217013809581962,66.01817928276684
Mission,sustained,30,Sep17,attitude_deg,5.063444124521429,1.4174424377337629,72.00635767126724
Mission,sustained,30,Sep17,body_rate_rad_s,0.5702521875593956,0.5140938272404,9.847986828309413
Mission,sustained,30,Sep17,p_rad_s,0.4886508023762917,0.4553684192288401,6.811077150717971
Mission,sustained,30,Sep17,position_m,0.1383774411518223,0.0162995448716457,88.22095224772767
Mission,sustained,30,Sep17,q_rad_s,0.231802389562596,0.1931098064578527,16.69205532253357
Mission,sustained,30,Sep17,r_rad_s,0.1732628910340571,0.1351576519284285,21.992729590399435
Mission,sustained,30,Sep17,roll_deg,3.806913894005744,1.0613664191583088,72.1200308515119
Mission,sustained,30,Sep17,velocity_m_s,0.3728493520648662,0.1272992186582678,65.85773370577803
Mission,sustained,30,Sep7,attitude_deg,3.590220265989411,1.3182632277753157,63.28182868713149
Mission,sustained,30,Sep7,body_rate_rad_s,0.5670527185673432,0.5489679020539101,3.189265463557658
Mission,sustained,30,Sep7,p_rad_s,0.5124774372897362,0.4971709696794593,2.986759317878643
Mission,sustained,30,Sep7,position_m,0.1985213053164151,0.0316604581761263,84.05185875356604
Mission,sustained,30,Sep7,q_rad_s,0.1851774526673123,0.1786987726634248,3.498633289619249
Mission,sustained,30,Sep7,r_rad_s,0.1431325534735737,0.1400785944801697,2.1336578711759238
Mission,sustained,30,Sep7,roll_deg,2.5413245925458976,1.02960741887923,59.485402931241865
Mission,sustained,30,Sep7,velocity_m_s,0.3287114809885528,0.1105057055580532,66.38215823015275
Mission,sustained,35,ALL,attitude_deg,5.064219691218888,1.3223769167703558,73.88784457626723
Mission,sustained,35,ALL,body_rate_rad_s,0.5506890222405029,0.5150721165137253,6.467698517371671
Mission,sustained,35,ALL,p_rad_s,0.4581547595674677,0.4547096953513226,0.7519433432051426
Mission,sustained,35,ALL,position_m,0.1956638432028561,0.0218193463522417,88.84855474824732
Mission,sustained,35,ALL,q_rad_s,0.2490016713618909,0.1954447600654429,21.50865534497161
Mission,sustained,35,ALL,r_rad_s,0.1681597200710988,0.1388033613228203,17.457426032742248
Mission,sustained,35,ALL,roll_deg,3.780111417179242,0.9986807810288124,73.58065223976814
Mission,sustained,35,ALL,velocity_m_s,0.4066306457109888,0.1214391293160837,70.13527371904082
Mission,sustained,35,Sep17,attitude_deg,5.632304854095996,1.2892559435389257,77.1096207159075
Mission,sustained,35,Sep17,body_rate_rad_s,0.5436651670293529,0.489727635684171,9.921093830583732
Mission,sustained,35,Sep17,p_rad_s,0.4382300092432534,0.429513383216888,1.989052744566148
Mission,sustained,35,Sep17,position_m,0.1753488221025041,0.0168675484957449,90.38057496281066
Mission,sustained,35,Sep17,q_rad_s,0.2598509165000168,0.1897646847531788,26.97170850533963
Mission,sustained,35,Sep17,r_rad_s,0.1846796154948183,0.1364987944176821,26.08886798255655
Mission,sustained,35,Sep17,roll_deg,4.302554240023787,0.9575172995994788,77.74537527749598
Mission,sustained,35,Sep17,velocity_m_s,0.4264588527720487,0.1240595261432115,70.90937957160337
Mission,sustained,35,Sep7,attitude_deg,3.928049365464673,1.3886188632332164,64.64864022733717
Mission,sustained,35,Sep7,body_rate_rad_s,0.5647367326628029,0.5657610781728338,-0.18138460822284916
Mission,sustained,35,Sep7,p_rad_s,0.4980042602158964,0.5051023196201918,-1.4253009404414025
Mission,sustained,35,Sep7,position_m,0.2362938854035602,0.0317229420652355,86.57479349875825
Mission,sustained,35,Sep7,q_rad_s,0.2273031810856388,0.206804910689971,9.01803058706198
Mission,sustained,35,Sep7,r_rad_s,0.1351199292236597,0.1434124951330966,-6.1371893525125145
Mission,sustained,35,Sep7,roll_deg,2.73522577149015,1.0810077438874794,60.47829926307887
Mission,sustained,35,Sep7,velocity_m_s,0.3669742315888691,0.1161983356618281,68.33610491975682
Mission,sustained,40,ALL,attitude_deg,5.559884420083725,1.3250203583889288,76.16820318058022
Mission,sustained,40,ALL,body_rate_rad_s,0.5706693080755519,0.5174958830629589,9.317729946246436
Mission,sustained,40,ALL,p_rad_s,0.4825321126230841,0.4581075286400346,5.061753061423298
Mission,sustained,40,ALL,position_m,0.2363265671641645,0.0202287461103052,91.44034191625468
Mission,sustained,40,ALL,q_rad_s,0.2501981116227633,0.1958193477923253,21.734282276449665
Mission,sustained,40,ALL,r_rad_s,0.1649255013526943,0.1349583592092359,18.170108259591373
Mission,sustained,40,ALL,roll_deg,4.149275330892803,1.0064168476605329,75.74475619471652
Mission,sustained,40,ALL,velocity_m_s,0.4639275442300319,0.1179228956437972,74.58161363548467
Mission,sustained,40,Sep17,attitude_deg,6.248487381670813,1.3042477122997151,79.12698493837773
Mission,sustained,40,Sep17,body_rate_rad_s,0.5754750454828111,0.5052125855404326,12.20947120016818
Mission,sustained,40,Sep17,p_rad_s,0.4722086961592375,0.444415204385565,5.885849201790227
Mission,sustained,40,Sep17,position_m,0.2174743249966209,0.0163334501191575,92.48948117465761
Mission,sustained,40,Sep17,q_rad_s,0.2703200877492684,0.1968611282292086,27.174806035205066
Mission,sustained,40,Sep17,r_rad_s,0.1840456641235904,0.1328109557482509,27.838041509597517
Mission,sustained,40,Sep17,roll_deg,4.789778992639625,0.9780245962100462,79.58100785625057
Mission,sustained,40,Sep17,velocity_m_s,0.4929495506948445,0.1239716948695532,74.85103806367061
Mission,sustained,40,Sep7,attitude_deg,4.1826784969095465,1.366565650567356,67.32797771626316
Mission,sustained,40,Sep7,body_rate_rad_s,0.5610578332610335,0.5420624781080113,3.385632287248463
Mission,sustained,40,Sep7,p_rad_s,0.5031789455507772,0.4854921771489737,3.515005657171069
Mission,sustained,40,Sep7,position_m,0.2740310514992519,0.0280193380926005,89.77512295073721
Mission,sustained,40,Sep7,q_rad_s,0.2099541593697529,0.1937357869185588,7.724720719931874
Mission,sustained,40,Sep7,r_rad_s,0.126685175810902,0.1392531661312059,-9.920647968365014
Mission,sustained,40,Sep7,roll_deg,2.8682680073991587,1.063201350561506,62.93228708688284
Mission,sustained,40,Sep7,velocity_m_s,0.4058835313004067,0.1058252971922852,73.92717638647903
Mission,sustained,45,ALL,attitude_deg,6.163013560070488,1.3455147224320954,78.16790910295018
Mission,sustained,45,ALL,body_rate_rad_s,0.5916882056306679,0.5223413018917489,11.72017678888895
Mission,sustained,45,ALL,p_rad_s,0.5004942273165266,0.4658098488823717,6.930025670849449
Mission,sustained,45,ALL,position_m,0.2832587686857656,0.0212355102273055,92.50314109397854
Mission,sustained,45,ALL,q_rad_s,0.2612505305264914,0.1936597392312965,25.872020684122983
Mission,sustained,45,ALL,r_rad_s,0.1680914650865592,0.1326838780906213,21.064476401407212
Mission,sustained,45,ALL,roll_deg,4.607733987972533,0.9808655249859104,78.71262691061936
Mission,sustained,45,ALL,velocity_m_s,0.5334720775873557,0.1259124282592764,76.3975597694411
Mission,sustained,45,Sep17,attitude_deg,6.950458701251027,1.321567255883328,80.98589873434602
Mission,sustained,45,Sep17,body_rate_rad_s,0.5899495358696835,0.5067204124427702,14.107837766872672
Mission,sustained,45,Sep17,p_rad_s,0.4889791611459866,0.450842691261037,7.799201461995193
Mission,sustained,45,Sep17,position_m,0.2665382305144227,0.0169849551440054,93.6275726333051
Mission,sustained,45,Sep17,q_rad_s,0.2700074699368143,0.189299399601732,29.89105092313526
Mission,sustained,45,Sep17,r_rad_s,0.1844219213305696,0.1304702042447227,29.25450331316113
Mission,sustained,45,Sep17,roll_deg,5.331278021928752,0.9385077903834624,82.39619493631419
Mission,sustained,45,Sep17,velocity_m_s,0.5708860991150143,0.1306555877474746,77.11354542525795
Mission,sustained,45,Sep7,attitude_deg,4.58812327770941,1.393409655529631,69.63007375370086
Mission,sustained,45,Sep7,body_rate_rad_s,0.5951655451526368,0.5535830807897063,6.986705581598505
Mission,sustained,45,Sep7,p_rad_s,0.5235243596576064,0.495744164125041,5.306380690811416
Mission,sustained,45,Sep7,position_m,0.3166998450284515,0.0297366203939058,90.61047207293886
Mission,sustained,45,Sep7,q_rad_s,0.2437366517058456,0.2023804184904254,16.967588963735793
Mission,sustained,45,Sep7,r_rad_s,0.1354305525985384,0.1371112257824186,-1.2409852515793016
Mission,sustained,45,Sep7,roll_deg,3.160645920060093,1.0655809941908068,66.28597378062054
Mission,sustained,45,Sep7,velocity_m_s,0.4586440345320384,0.11642610928288,74.61514801960276
Mission,sustained,50,ALL,attitude_deg,6.767719561162238,1.32761453457103,80.3831331577363
Mission,sustained,50,ALL,body_rate_rad_s,0.5887061684295396,0.5288370974126501,10.169601445929997
Mission,sustained,50,ALL,p_rad_s,0.4936502538561605,0.4706451685152575,4.660199232391403
Mission,sustained,50,ALL,position_m,0.3358745750737925,0.0210423236506072,93.73506504742606
Mission,sustained,50,ALL,q_rad_s,0.2649654650704751,0.1934382555800891,26.994917798574733
Mission,sustained,50,ALL,r_rad_s,0.1703478675812697,0.1382977471977192,18.814512232306054
Mission,sustained,50,ALL,roll_deg,5.110435898244365,0.989148955331308,80.64452866591833
Mission,sustained,50,ALL,velocity_m_s,0.5993000733632542,0.120713686826528,79.85755513943352
Mission,sustained,50,Sep17,attitude_deg,7.6784605650275,1.3271396144206364,82.71607175447046
Mission,sustained,50,Sep17,body_rate_rad_s,0.5972461392133701,0.5123950460194896,14.207055956131832
Mission,sustained,50,Sep17,p_rad_s,0.4874132444019044,0.4572770230474157,6.182889304017235
Mission,sustained,50,Sep17,position_m,0.3221796720540444,0.0166006699173682,94.84738754263071
Mission,sustained,50,Sep17,q_rad_s,0.285135200938535,0.1858511504141919,34.81999072634501
Mission,sustained,50,Sep17,r_rad_s,0.1861527035780436,0.1317964524675056,29.199818249080334
Mission,sustained,50,Sep17,roll_deg,5.959453044922181,0.9832512263903728,83.5009820703569
Mission,sustained,50,Sep17,velocity_m_s,0.645800526789916,0.1249870841207793,80.64617804787909
Mission,sustained,50,Sep7,attitude_deg,4.946237553431711,1.328564374871817,73.13989955961463
Mission,sustained,50,Sep7,body_rate_rad_s,0.5716262268618787,0.5617212001989708,1.7327803024862387
Mission,sustained,50,Sep7,p_rad_s,0.5061242727646729,0.4973814594509411,1.7274044704425449
Mission,sustained,50,Sep7,position_m,0.3632643811132885,0.0299256311170851,91.76202438968207
Mission,sustained,50,Sep7,q_rad_s,0.2246259933343552,0.2086124659118834,7.128973448159988
Mission,sustained,50,Sep7,r_rad_s,0.1387381955877218,0.1513003366581463,-9.054565699956557
Mission,sustained,50,Sep7,roll_deg,3.412401604888734,1.0009444132131786,70.6674498165987
Mission,sustained,50,Sep7,velocity_m_s,0.5062991665099309,0.1121668922380256,77.8457284432789
Stabilized,ALL,5,ALL,attitude_deg,1.5498939188478909,1.549893916446221,1.5495704078551362e-07
Stabilized,ALL,5,ALL,body_rate_rad_s,0.5736384383186491,0.5736384384477952,-2.2513489086302743e-08
Stabilized,ALL,5,ALL,p_rad_s,0.4792319873147225,0.4792319874632132,-3.098514365709728e-08
Stabilized,ALL,5,ALL,position_m,0.0395014493897703,0.0395014493897703,0.0
Stabilized,ALL,5,ALL,q_rad_s,0.2685875783622733,0.2685875783545626,2.8708404899597956e-09
Stabilized,ALL,5,ALL,r_rad_s,0.1419519754993479,0.1419519754620753,2.625719123712814e-08
Stabilized,ALL,5,ALL,roll_deg,1.1579919783839028,1.1579919724633925,5.112738615425115e-07
Stabilized,ALL,5,ALL,velocity_m_s,0.1728841626065895,0.1728841629524867,-2.0007454387753366e-07
Stabilized,ALL,5,Sep17,attitude_deg,1.7370589791728033,1.737058974069255,2.9380397049636856e-07
Stabilized,ALL,5,Sep17,body_rate_rad_s,0.5683973600988088,0.5683973603732442,-4.828230786919392e-08
Stabilized,ALL,5,Sep17,p_rad_s,0.4414650408512265,0.4414650411667694,-7.147629832765061e-08
Stabilized,ALL,5,Sep17,position_m,0.0240367084520359,0.0240367084520359,0.0
Stabilized,ALL,5,Sep17,q_rad_s,0.316858599224637,0.3168585992082517,5.1711653274289875e-09
Stabilized,ALL,5,Sep17,r_rad_s,0.1459097587741349,0.1459097586949306,5.4283060082712975e-08
Stabilized,ALL,5,Sep17,roll_deg,1.268273609812254,1.2682735972311698,9.919850162552151e-07
Stabilized,ALL,5,Sep17,velocity_m_s,0.207518451859244,0.2075184525942755,-3.542005548402528e-07
Stabilized,ALL,5,Sep7,attitude_deg,1.3835249763368571,1.3835249763368571,0.0
Stabilized,ALL,5,Sep7,body_rate_rad_s,0.5782971745140627,0.5782971745140627,0.0
Stabilized,ALL,5,Sep7,p_rad_s,0.5128026063933856,0.5128026063933856,0.0
Stabilized,ALL,5,Sep7,position_m,0.0532478857788676,0.0532478857788676,0.0
Stabilized,ALL,5,Sep7,q_rad_s,0.2256800042623944,0.2256800042623944,0.0
Stabilized,ALL,5,Sep7,r_rad_s,0.1384339459217594,0.1384339459217594,0.0
Stabilized,ALL,5,Sep7,roll_deg,1.0599638615587017,1.0599638615587017,0.0
Stabilized,ALL,5,Sep7,velocity_m_s,0.1420981277153411,0.1420981277153411,0.0
Stabilized,ALL,10,ALL,attitude_deg,2.498027867317142,1.5438033594607985,38.19911380256825
Stabilized,ALL,10,ALL,body_rate_rad_s,0.5902960654354231,0.5761507079010907,2.3963157409660734
Stabilized,ALL,10,ALL,p_rad_s,0.5062713397051966,0.4961502582899901,1.9991416897310432
Stabilized,ALL,10,ALL,position_m,0.0807596832240925,0.0380012489335534,52.94527242249416
Stabilized,ALL,10,ALL,q_rad_s,0.2488652369159615,0.2454301966711824,1.380281266820345
Stabilized,ALL,10,ALL,r_rad_s,0.1615084121733553,0.1465528705683858,9.259914950384706
Stabilized,ALL,10,ALL,roll_deg,1.6812444050239692,1.12908890525494,32.84207210558165
Stabilized,ALL,10,ALL,velocity_m_s,0.2417404150761175,0.1680752612658621,30.47283334359305
Stabilized,ALL,10,Sep17,attitude_deg,2.9261987862432246,1.7449617188007105,40.367628918301726
Stabilized,ALL,10,Sep17,body_rate_rad_s,0.5784823915321543,0.5654001030056289,2.2614843110221465
Stabilized,ALL,10,Sep17,p_rad_s,0.4682964602916864,0.460868045086108,1.586263368497702
Stabilized,ALL,10,Sep17,position_m,0.0543140118619492,0.023837382956271,56.111908991626585
Stabilized,ALL,10,Sep17,q_rad_s,0.2799987818821822,0.2805103122538652,-0.18269021323751386
Stabilized,ALL,10,Sep17,r_rad_s,0.1863877881687416,0.1601321659701974,14.086557095025094
Stabilized,ALL,10,Sep17,roll_deg,1.9743116927071656,1.2586391814671352,36.24921606267266
Stabilized,ALL,10,Sep17,velocity_m_s,0.3090381474840735,0.2114952411126615,31.56338696873626
Stabilized,ALL,10,Sep7,attitude_deg,2.117431494938402,1.364995928936432,35.53529678767053
Stabilized,ALL,10,Sep7,body_rate_rad_s,0.6007971089049954,0.5857068011415011,2.5117144439988537
Stabilized,ALL,10,Sep7,p_rad_s,0.5400267880727609,0.5275122255823297,2.3173966119519793
Stabilized,ALL,10,Sep7,position_m,0.1042669466571088,0.0505913520244712,51.47901262435027
Stabilized,ALL,10,Sep7,q_rad_s,0.2211909747237654,0.2142478717087976,3.1389630719059336
Stabilized,ALL,10,Sep7,r_rad_s,0.1393934112885675,0.1344823857667756,3.5231403524699334
Stabilized,ALL,10,Sep7,roll_deg,1.420740149305572,1.0139331041774329,28.633458787448074
Stabilized,ALL,10,Sep7,velocity_m_s,0.1819202084912677,0.1294797236242627,28.826091010951206
Stabilized,ALL,15,ALL,attitude_deg,3.2325172736646954,1.5337051696040371,52.553844581152696
Stabilized,ALL,15,ALL,body_rate_rad_s,0.6155735264656711,0.5960290866189041,3.1749968129691744
Stabilized,ALL,15,ALL,p_rad_s,0.5306188545288794,0.518718802634202,2.242674151721023
Stabilized,ALL,15,ALL,position_m,0.1257160728902651,0.0393221437779967,68.7214666558029
Stabilized,ALL,15,ALL,q_rad_s,0.261882420408343,0.2455543576995208,6.234883075909587
Stabilized,ALL,15,ALL,r_rad_s,0.1567197712202022,0.1472518076983649,6.041333169465991
Stabilized,ALL,15,ALL,roll_deg,2.1202768039294666,1.12221270990551,47.07234886380233
Stabilized,ALL,15,ALL,velocity_m_s,0.314854607646255,0.1949526202795116,38.08170007835982
Stabilized,ALL,15,Sep17,attitude_deg,3.8813060581773353,1.690017599062559,56.457502352798414
Stabilized,ALL,15,Sep17,body_rate_rad_s,0.6283993256742059,0.5962725430673611,5.112478848123544
Stabilized,ALL,15,Sep17,p_rad_s,0.5177430840856267,0.4979048561854018,3.83167414689097
Stabilized,ALL,15,Sep17,position_m,0.0897839455777097,0.0258809954302146,71.17413891349416
Stabilized,ALL,15,Sep17,q_rad_s,0.3029390346467241,0.2809794855104157,7.248834460014972
Stabilized,ALL,15,Sep17,r_rad_s,0.1833308740651576,0.1625746596457052,11.321723373268513
Stabilized,ALL,15,Sep17,roll_deg,2.5525493368438688,1.212974752652309,52.47987041253014
Stabilized,ALL,15,Sep17,velocity_m_s,0.4204759969019744,0.2766994783400456,34.193751753075084
Stabilized,ALL,15,Sep7,attitude_deg,2.655816131875682,1.3947607878631292,47.48278048608459
Stabilized,ALL,15,Sep7,body_rate_rad_s,0.6041728160580845,0.5958126808869424,1.383732427037624
Stabilized,ALL,15,Sep7,p_rad_s,0.5420639838117705,0.5372200883664688,0.8936021558266153
Stabilized,ALL,15,Sep7,position_m,0.1576557416125366,0.0512698311982476,67.47988327361324
Stabilized,ALL,15,Sep7,q_rad_s,0.2253876521964486,0.2140653552009476,5.023477056157649
Stabilized,ALL,15,Sep7,r_rad_s,0.1330654575802418,0.1336314948562847,-0.425382579623692
Stabilized,ALL,15,Sep7,roll_deg,1.7360345524499987,1.0415353385750217,40.00491884766102
Stabilized,ALL,15,Sep7,velocity_m_s,0.2209689283078378,0.1222887464479258,44.65794472353957
Stabilized,ALL,20,ALL,attitude_deg,3.939635891055662,1.5660496740049794,60.24887280673693
Stabilized,ALL,20,ALL,body_rate_rad_s,0.5808259079492709,0.5463937023015751,5.928145624437792
Stabilized,ALL,20,ALL,p_rad_s,0.4919189275908913,0.4741080219675314,3.6206993925983886
Stabilized,ALL,20,ALL,position_m,0.1741235459049014,0.0384981124795029,77.89034660451443
Stabilized,ALL,20,ALL,q_rad_s,0.262907258022568,0.2308346551850177,12.199207841876001
Stabilized,ALL,20,ALL,r_rad_s,0.1504768044665388,0.1346526645686685,10.515999428595702
Stabilized,ALL,20,ALL,roll_deg,2.5987937869142077,1.1815014498967094,54.536544767577844
Stabilized,ALL,20,ALL,velocity_m_s,0.3725542241332011,0.1898927747519666,49.02949357404862
Stabilized,ALL,20,Sep17,attitude_deg,4.666297340366576,1.732448900741413,62.87315671561309
Stabilized,ALL,20,Sep17,body_rate_rad_s,0.5729209523203816,0.5189221198431095,9.425180255421267
Stabilized,ALL,20,Sep17,p_rad_s,0.4580526507659849,0.4331805566377398,5.429964019780781
Stabilized,ALL,20,Sep17,position_m,0.1315332218084194,0.0253321115176299,80.74090243563973
Stabilized,ALL,20,Sep17,q_rad_s,0.2956471164199852,0.2439819178002192,17.47529258711672
Stabilized,ALL,20,Sep17,r_rad_s,0.1696327958963203,0.1415221835606638,16.57144904505243
Stabilized,ALL,20,Sep17,roll_deg,3.105747427707858,1.2856227665198043,58.60504447173815
Stabilized,ALL,20,Sep17,velocity_m_s,0.4749645727955849,0.2554848065314674,46.20971306813175
Stabilized,ALL,20,Sep7,attitude_deg,3.293714602779294,1.418139250239261,56.94407617944159
Stabilized,ALL,20,Sep7,body_rate_rad_s,0.5878525351749503,0.5708128867091,2.898626346959465
Stabilized,ALL,20,Sep7,p_rad_s,0.5220222847685859,0.5104879911495683,2.2095404651414023
Stabilized,ALL,20,Sep7,position_m,0.2119816117684409,0.0502012244456123,76.31812305472522
Stabilized,ALL,20,Sep7,q_rad_s,0.2338051616693082,0.2191481995270609,6.2688787696560615
Stabilized,ALL,20,Sep7,r_rad_s,0.1334492565289552,0.1285464254646726,3.673929096202053
Stabilized,ALL,20,Sep7,roll_deg,2.148168328430962,1.088949168453958,49.30801492407559
Stabilized,ALL,20,Sep7,velocity_m_s,0.2815228030999711,0.1315887465035216,53.258228088616555
Stabilized,ALL,25,ALL,attitude_deg,4.564114135890123,1.480904543349566,67.55329732654133
Stabilized,ALL,25,ALL,body_rate_rad_s,0.6187961929682397,0.5811781636482835,6.079227659677451
Stabilized,ALL,25,ALL,p_rad_s,0.5296419312411142,0.5094988942170081,3.803142431888803
Stabilized,ALL,25,ALL,position_m,0.2274076448000535,0.0394718778682878,82.6426776887852
Stabilized,ALL,25,ALL,q_rad_s,0.2700273799595695,0.2382775891479135,11.75798943663039
Stabilized,ALL,25,ALL,r_rad_s,0.1558928068838358,0.1343416998395019,13.82431138108432
Stabilized,ALL,25,ALL,roll_deg,3.045963977288208,1.102412023851711,63.807450381170376
Stabilized,ALL,25,ALL,velocity_m_s,0.4341356129256107,0.1673605003577703,61.44971861904183
Stabilized,ALL,25,Sep17,attitude_deg,5.402418538615088,1.5643103373280838,71.04425867513228
Stabilized,ALL,25,Sep17,body_rate_rad_s,0.5732419334986218,0.5252303634372674,8.375446256753982
Stabilized,ALL,25,Sep17,p_rad_s,0.4650365083532282,0.4410057389339194,5.16750168807299
Stabilized,ALL,25,Sep17,position_m,0.1783776986765823,0.0231199870158605,87.03874576957097
Stabilized,ALL,25,Sep17,q_rad_s,0.2832437850483184,0.2496557425709085,11.858351092039005
Stabilized,ALL,25,Sep17,r_rad_s,0.1720684107626905,0.1299126858553906,24.499398071060995
Stabilized,ALL,25,Sep17,roll_deg,3.589174559267454,1.1642734686443337,67.56152565391079
Stabilized,ALL,25,Sep17,velocity_m_s,0.507116127650104,0.1692761837244759,66.61983823924612
Stabilized,ALL,25,Sep7,attitude_deg,3.818954666801265,1.4067660598131058,63.16358316472488
Stabilized,ALL,25,Sep7,body_rate_rad_s,0.6592888680523445,0.6309095416136311,4.3045359650240975
Stabilized,ALL,25,Sep7,p_rad_s,0.5870689738081241,0.5703816989130869,2.8424726292027156
Stabilized,ALL,25,Sep7,position_m,0.2709898191320278,0.0540068919593343,80.07050887287325
Stabilized,ALL,25,Sep7,q_rad_s,0.2582794643251261,0.2281636749941401,11.660156338668802
Stabilized,ALL,25,Sep7,r_rad_s,0.1415144923248538,0.138278601158712,2.286614687288464
Stabilized,ALL,25,Sep7,roll_deg,2.5631101266399887,1.0474240729249351,59.134644195018815
Stabilized,ALL,25,Sep7,velocity_m_s,0.3692640442816166,0.1656576706984765,55.138423774577184
Stabilized,ALL,30,ALL,attitude_deg,5.14240633329954,1.5628039868846424,69.60948074513796
Stabilized,ALL,30,ALL,body_rate_rad_s,0.600533151240749,0.5690019274655395,5.250538410754436
Stabilized,ALL,30,ALL,p_rad_s,0.5094067581997496,0.4915027270793401,3.5146826837717144
Stabilized,ALL,30,ALL,position_m,0.2841691295320255,0.0382042199595633,86.55581624137757
Stabilized,ALL,30,ALL,q_rad_s,0.2683364197324397,0.2431790462006751,9.375310871647324
Stabilized,ALL,30,ALL,r_rad_s,0.1581393204008952,0.1412519568350239,10.678788503112672
Stabilized,ALL,30,ALL,roll_deg,3.527964912802661,1.1922087570807185,66.20689869237921
Stabilized,ALL,30,ALL,velocity_m_s,0.4854788118271784,0.1458086973350831,69.96600185571263
Stabilized,ALL,30,Sep17,attitude_deg,6.043870553747621,1.7135462207153331,71.64819786464793
Stabilized,ALL,30,Sep17,body_rate_rad_s,0.5788798396472637,0.5501490570886532,4.963168621681038
Stabilized,ALL,30,Sep17,p_rad_s,0.4660237520420495,0.4554573781208843,2.267346648076374
Stabilized,ALL,30,Sep17,position_m,0.2274128045890226,0.0230161145123107,89.87914750275162
Stabilized,ALL,30,Sep17,q_rad_s,0.2935883367170334,0.2661631812078641,9.341364107254112
Stabilized,ALL,30,Sep17,r_rad_s,0.1682804647643548,0.1471532845175158,12.554743223715029
Stabilized,ALL,30,Sep17,roll_deg,4.065852750931444,1.2676864115798974,68.82114308518715
Stabilized,ALL,30,Sep17,velocity_m_s,0.5661246547892013,0.1743728106925506,69.19886650096893
Stabilized,ALL,30,Sep7,attitude_deg,4.341104804012357,1.4288108901462506,67.08646866056672
Stabilized,ALL,30,Sep7,body_rate_rad_s,0.619780539323847,0.5857600344672161,5.489121180498139
Stabilized,ALL,30,Sep7,p_rad_s,0.5479694303399274,0.5235430372646341,4.457619663224752
Stabilized,ALL,30,Sep7,position_m,0.3346191961480281,0.051704758134899,84.54817932440852
Stabilized,ALL,30,Sep7,q_rad_s,0.2458902713016897,0.2227487039720625,9.411339133964413
Stabilized,ALL,30,Sep7,r_rad_s,0.1491249698555979,0.1360063322283645,8.79707646542129
Stabilized,ALL,30,Sep7,roll_deg,3.049842390021521,1.1251175086370038,63.1089949986214
Stabilized,ALL,30,Sep7,velocity_m_s,0.4137936180831582,0.1204183743506676,70.89892905828536
Stabilized,ALL,35,ALL,attitude_deg,5.607044188345824,1.5120584955595866,73.0328771315485
Stabilized,ALL,35,ALL,body_rate_rad_s,0.6110249415137331,0.5637013755406729,7.744948324993469
Stabilized,ALL,35,ALL,p_rad_s,0.512122049163864,0.4912137599394793,4.082677021721946
Stabilized,ALL,35,ALL,position_m,0.3438474655876382,0.0380888001002671,88.92276258742433
Stabilized,ALL,35,ALL,q_rad_s,0.2861058350613785,0.2342776965379639,18.115023243862137
Stabilized,ALL,35,ALL,r_rad_s,0.1631041177497743,0.140345208215205,13.953608191232066
Stabilized,ALL,35,ALL,roll_deg,3.929866138689434,1.1642927346527652,70.37322154079672
Stabilized,ALL,35,ALL,velocity_m_s,0.5526270011277864,0.1683828581071641,69.5304685142903
Stabilized,ALL,35,Sep17,attitude_deg,6.533139197228596,1.6078320727615754,75.38959412584337
Stabilized,ALL,35,Sep17,body_rate_rad_s,0.6155202542507247,0.5588217464219198,9.21147719140845
Stabilized,ALL,35,Sep17,p_rad_s,0.4983656456151034,0.4753178110737071,4.624683652291024
Stabilized,ALL,35,Sep17,position_m,0.2812190188772335,0.0240805240022723,91.43709266236198
Stabilized,ALL,35,Sep17,q_rad_s,0.3071270933736854,0.2470099978578125,19.574012457027898
Stabilized,ALL,35,Sep17,r_rad_s,0.1836482136144737,0.1529934456919896,16.692113317713275
Stabilized,ALL,35,Sep17,roll_deg,4.508982180717885,1.2298802781621234,72.72377159924125
Stabilized,ALL,35,Sep17,velocity_m_s,0.6482164484807676,0.2025601717787652,68.75115214161755
Stabilized,ALL,35,Sep7,attitude_deg,4.7838486248944685,1.4269264269355968,70.17199876454964
Stabilized,ALL,35,Sep7,body_rate_rad_s,0.6070291079697405,0.5680388236462313,6.423132566725757
Stabilized,ALL,35,Sep7,p_rad_s,0.524349963429429,0.5053434922646102,3.6247682827152197
Stabilized,ALL,35,Sep7,position_m,0.3995171959968869,0.0505406010762624,87.34958054805325
Stabilized,ALL,35,Sep7,q_rad_s,0.2674202721171058,0.2229600953647651,16.625582047448955
Stabilized,ALL,35,Sep7,r_rad_s,0.1448426992033749,0.1291023304580631,10.867215836133102
Stabilized,ALL,35,Sep7,roll_deg,3.4150963235530334,1.1059926959777802,67.61459732921631
Stabilized,ALL,35,Sep7,velocity_m_s,0.4676586034806916,0.1380030237324075,70.4906479416228
Stabilized,ALL,40,ALL,attitude_deg,6.080486396873991,1.5091751892877217,75.1800252350931
Stabilized,ALL,40,ALL,body_rate_rad_s,0.6275629496570893,0.5787538814650389,7.777557330100576
Stabilized,ALL,40,ALL,p_rad_s,0.5249814122126066,0.5101191202744032,2.831012983024342
Stabilized,ALL,40,ALL,position_m,0.4083830819414865,0.0373537328536859,90.8532614338226
Stabilized,ALL,40,ALL,q_rad_s,0.2959644259790793,0.2341762534134543,20.8768916606189
Stabilized,ALL,40,ALL,r_rad_s,0.1650188415117791,0.131772954219692,20.14672202732315
Stabilized,ALL,40,ALL,roll_deg,4.331522064886653,1.1404268679453804,73.67145195472477
Stabilized,ALL,40,ALL,velocity_m_s,0.6211299005329584,0.1568683745112987,74.74467508701507
Stabilized,ALL,40,Sep17,attitude_deg,7.058543691474303,1.6296245760375887,76.9127365747422
Stabilized,ALL,40,Sep17,body_rate_rad_s,0.6126479251057796,0.5539415093687281,9.58240668601224
Stabilized,ALL,40,Sep17,p_rad_s,0.4864700374453548,0.4720400385417867,2.9662667364562973
Stabilized,ALL,40,Sep17,position_m,0.3412809949251739,0.0233540670884362,93.15693887567441
Stabilized,ALL,40,Sep17,q_rad_s,0.3236328521242484,0.2549957243436204,21.208331394699393
Stabilized,ALL,40,Sep17,r_rad_s,0.1773012687032155,0.128691643513767,27.416400088380716
Stabilized,ALL,40,Sep17,roll_deg,5.053207563571818,1.2458535295197697,75.34529278985033
Stabilized,ALL,40,Sep17,velocity_m_s,0.7177762922919203,0.1776111443660088,75.25536211305038
Stabilized,ALL,40,Sep7,attitude_deg,5.211102135007048,1.4021090677322847,73.09380949735716
Stabilized,ALL,40,Sep7,body_rate_rad_s,0.6408207492582535,0.6008093233284262,6.243778151088322
Stabilized,ALL,40,Sep7,p_rad_s,0.5592137453390528,0.5439671929256179,2.7264266196087226
Stabilized,ALL,40,Sep7,position_m,0.4680293815115421,0.0497978802005745,89.36009529150758
Stabilized,ALL,40,Sep7,q_rad_s,0.2713702694055956,0.2156700570310845,20.52553969766689
Stabilized,ALL,40,Sep7,r_rad_s,0.1541011284527247,0.1345118970694031,12.7119324692883
Stabilized,ALL,40,Sep7,roll_deg,3.6900238438331727,1.046714279879257,71.63394264704975
Stabilized,ALL,40,Sep7,velocity_m_s,0.5352219967472146,0.1384303568626676,74.13589917754291
Stabilized,ALL,45,ALL,attitude_deg,6.607573878291312,1.520121017364098,76.99426377420703
Stabilized,ALL,45,ALL,body_rate_rad_s,0.6188786300219082,0.5562496951730118,10.119744294075781
Stabilized,ALL,45,ALL,p_rad_s,0.4952468099942411,0.4773807397152241,3.6075084015634027
Stabilized,ALL,45,ALL,position_m,0.481836145254533,0.0390181688974467,91.90219138150478
Stabilized,ALL,45,ALL,q_rad_s,0.3168359142801704,0.2439845233925117,22.993413184604428
Stabilized,ALL,45,ALL,r_rad_s,0.1784775572503997,0.1377615966164284,22.812930242454968
Stabilized,ALL,45,ALL,roll_deg,4.809606495495108,1.1472589610130848,76.14651090296765
Stabilized,ALL,45,ALL,velocity_m_s,0.7031579336452004,0.1702573229681606,75.78675930092412
Stabilized,ALL,45,Sep17,attitude_deg,7.589745304595642,1.6560891117837908,78.17991190322266
Stabilized,ALL,45,Sep17,body_rate_rad_s,0.6375669877629287,0.5489349033915872,13.901611293007887
Stabilized,ALL,45,Sep17,p_rad_s,0.4798264251052288,0.4511549096816995,5.975393167902636
Stabilized,ALL,45,Sep17,position_m,0.4122234422512619,0.0255405081206482,93.80420774200402
Stabilized,ALL,45,Sep17,q_rad_s,0.3576969005605856,0.2727647491113521,23.744167566486347
Stabilized,ALL,45,Sep17,r_rad_s,0.2055246275131837,0.1449851707952896,29.456059573206474
Stabilized,ALL,45,Sep17,roll_deg,5.570519338836248,1.2418772768121864,77.70625679092194
Stabilized,ALL,45,Sep17,velocity_m_s,0.8264211168901712,0.2257274848329687,72.68614266750795
Stabilized,ALL,45,Sep7,attitude_deg,5.734532610465242,1.3992604889910376,75.59939782298115
Stabilized,ALL,45,Sep7,body_rate_rad_s,0.6022667564743345,0.5627517323120561,6.561050188723524
Stabilized,ALL,45,Sep7,p_rad_s,0.5089538187844743,0.5006925886339127,1.6231787336406525
Stabilized,ALL,45,Sep7,position_m,0.543714103479663,0.0509983118101564,90.62038091640859
Stabilized,ALL,45,Sep7,q_rad_s,0.280515037586468,0.2184021005313203,22.142462518075007
Stabilized,ALL,45,Sep7,r_rad_s,0.154435717016814,0.1313406417907739,14.954490886020654
Stabilized,ALL,45,Sep7,roll_deg,4.133239523636318,1.0631537914138829,74.27795351965116
Stabilized,ALL,45,Sep7,velocity_m_s,0.5935906596496708,0.1209505124216644,79.6239192016519
Stabilized,ALL,50,ALL,attitude_deg,7.11859314670647,1.507380501109517,78.82474148972919
Stabilized,ALL,50,ALL,body_rate_rad_s,0.6468867887875313,0.5657141297162361,12.5482017067373
Stabilized,ALL,50,ALL,p_rad_s,0.5244562580614863,0.4917960086166599,6.227449657202374
Stabilized,ALL,50,ALL,position_m,0.5593782421991436,0.036910664788701,93.40148364663057
Stabilized,ALL,50,ALL,q_rad_s,0.329830571563654,0.2399066701138588,27.2636648032612
Stabilized,ALL,50,ALL,r_rad_s,0.1720840546226345,0.1314171117390986,23.632022718615634
Stabilized,ALL,50,ALL,roll_deg,5.229604184993508,1.135704481372552,78.28316558581074
Stabilized,ALL,50,ALL,velocity_m_s,0.7474206579225328,0.1514745251399419,79.7336983485354
Stabilized,ALL,50,Sep17,attitude_deg,8.153449595285487,1.655240586989578,79.69889225847822
Stabilized,ALL,50,Sep17,body_rate_rad_s,0.653312815545947,0.5364099113787963,17.89386361102677
Stabilized,ALL,50,Sep17,p_rad_s,0.5031762932736085,0.4484975092016769,10.866725003317928
Stabilized,ALL,50,Sep17,position_m,0.488621398831573,0.0233516578160851,95.22090971211549
Stabilized,ALL,50,Sep17,q_rad_s,0.3613941713358635,0.2579975596109226,28.610481276647032
Stabilized,ALL,50,Sep17,r_rad_s,0.1950228020093293,0.1293493173401559,33.67477238176067
Stabilized,ALL,50,Sep17,roll_deg,6.117320179217724,1.2263512061888235,79.952803347533
Stabilized,ALL,50,Sep17,velocity_m_s,0.8547931318864123,0.1870019924841233,78.12312880059818
Stabilized,ALL,50,Sep7,attitude_deg,6.198720747969568,1.375949313660574,77.80268914176726
Stabilized,ALL,50,Sep7,body_rate_rad_s,0.6411747650022729,0.5917623237939603,7.706548027999418
Stabilized,ALL,50,Sep7,p_rad_s,0.5433717823173777,0.5302835636522004,2.4087041490006187
Stabilized,ALL,50,Sep7,position_m,0.6222732140814284,0.0489631154310263,92.13157270423355
Stabilized,ALL,50,Sep7,q_rad_s,0.3017740384328011,0.2238258794498022,25.829975099185464
Stabilized,ALL,50,Sep7,r_rad_s,0.1516940569455726,0.1332551512048255,12.155325074708042
Stabilized,ALL,50,Sep7,roll_deg,4.440523301238649,1.0551296148691998,76.2386200163643
Stabilized,ALL,50,Sep7,velocity_m_s,0.651978458843529,0.1198945541673363,81.6106571404209
Stabilized,sustained,5,ALL,attitude_deg,1.5404027703364669,1.540402767437155,1.8821778027823968e-07
Stabilized,sustained,5,ALL,body_rate_rad_s,0.5874689836678861,0.5874689844674624,-1.3610527811555442e-07
Stabilized,sustained,5,ALL,p_rad_s,0.4908974548369462,0.4908974557472807,-1.8544291093997985e-07
Stabilized,sustained,5,ALL,position_m,0.0359345075893901,0.0359345075893901,0.0
Stabilized,sustained,5,ALL,q_rad_s,0.2736779652937761,0.2736779652527253,1.499966350860797e-08
Stabilized,sustained,5,ALL,r_rad_s,0.1424493571810265,0.1424493574131655,-1.629624780756985e-07
Stabilized,sustained,5,ALL,roll_deg,1.126720820189701,1.1267208158545807,3.8475549444770914e-07
Stabilized,sustained,5,ALL,velocity_m_s,0.1915642609564063,0.1915642608888512,3.526498109057272e-08
Stabilized,sustained,5,Sep17,attitude_deg,1.6883357075630652,1.6883357014020277,3.649177962881857e-07
Stabilized,sustained,5,Sep17,body_rate_rad_s,0.5582670496453946,0.5582670513444944,-3.043525049284048e-07
Stabilized,sustained,5,Sep17,p_rad_s,0.4448535606627106,0.4448535625971714,-4.3485339554783723e-07
Stabilized,sustained,5,Sep17,position_m,0.0228023785591514,0.0228023785591514,0.0
Stabilized,sustained,5,Sep17,q_rad_s,0.2900622106179205,0.2900622105306876,3.007385463767415e-08
Stabilized,sustained,5,Sep17,r_rad_s,0.1385918437942089,0.1385918442875044,-3.5593399603203307e-07
Stabilized,sustained,5,Sep17,roll_deg,1.2109589624654804,1.2109589532533496,7.607302246789774e-07
Stabilized,sustained,5,Sep17,velocity_m_s,0.2041858784050507,0.2041858782614962,7.030579330002329e-08
Stabilized,sustained,5,Sep7,attitude_deg,1.4089068261350457,1.4089068261350457,0.0
Stabilized,sustained,5,Sep7,body_rate_rad_s,0.6134262583545452,0.6134262583545452,0.0
Stabilized,sustained,5,Sep7,p_rad_s,0.5318253607696001,0.5318253607696001,0.0
Stabilized,sustained,5,Sep7,position_m,0.0476075111718245,0.0476075111718245,0.0
Stabilized,sustained,5,Sep7,q_rad_s,0.2591141916723143,0.2591141916723143,0.0
Stabilized,sustained,5,Sep7,r_rad_s,0.1458782579693087,0.1458782579693087,0.0
Stabilized,sustained,5,Sep7,roll_deg,1.0518424715001191,1.0518424715001191,0.0
Stabilized,sustained,5,Sep7,velocity_m_s,0.1803450454465002,0.1803450454465002,0.0
Stabilized,sustained,10,ALL,attitude_deg,2.5926269288875083,1.5836803148302796,38.91599685305151
Stabilized,sustained,10,ALL,body_rate_rad_s,0.5936672824012134,0.5880179404376341,0.9516006913383004
Stabilized,sustained,10,ALL,p_rad_s,0.5118377998305109,0.5075827917266769,0.8313196300161991
Stabilized,sustained,10,ALL,position_m,0.0761864273893282,0.0360618002046346,52.66637189803974
Stabilized,sustained,10,ALL,q_rad_s,0.2442918822303328,0.2486490452887252,-1.7835889668590006
Stabilized,sustained,10,ALL,r_rad_s,0.1597887172015331,0.1402590310229003,12.222193481909633
Stabilized,sustained,10,ALL,roll_deg,1.747825635810779,1.190119350980391,31.908576771256712
Stabilized,sustained,10,ALL,velocity_m_s,0.2539777082252116,0.1645594462753369,35.20713001732584
Stabilized,sustained,10,Sep17,attitude_deg,2.916036168730676,1.7315483605902855,40.619791374398055
Stabilized,sustained,10,Sep17,body_rate_rad_s,0.5605813395075668,0.5528338019716826,1.3820541266482202
Stabilized,sustained,10,Sep17,p_rad_s,0.4599487194398553,0.4515219785735032,1.8321044303840177
Stabilized,sustained,10,Sep17,position_m,0.0515001971972881,0.0215118984564251,58.22948332796311
Stabilized,sustained,10,Sep17,q_rad_s,0.2590755735034916,0.2724583254800686,-5.165578443232376
Stabilized,sustained,10,Sep17,r_rad_s,0.1724285917268254,0.1408170139445853,18.333141543208562
Stabilized,sustained,10,Sep17,roll_deg,1.9094385634601128,1.3037758762587872,31.71941212414806
Stabilized,sustained,10,Sep17,velocity_m_s,0.2939794422434377,0.1826328788690434,37.875629168039154
Stabilized,sustained,10,Sep7,attitude_deg,2.3051520490269146,1.4522420519324966,37.00016219990613
Stabilized,sustained,10,Sep7,body_rate_rad_s,0.6230770094177881,0.6192927301851463,0.6073533729286337
Stabilized,sustained,10,Sep7,p_rad_s,0.5579614268444271,0.5574146256406091,0.097999821763748
Stabilized,sustained,10,Sep7,position_m,0.0981297431155861,0.048995046203043,50.07115615768789
Stabilized,sustained,10,Sep7,q_rad_s,0.2311508233208584,0.2274852406741976,1.5857969242759937
Stabilized,sustained,10,Sep7,r_rad_s,0.148553273179051,0.1397630462036248,5.917222008855605
Stabilized,sustained,10,Sep7,roll_deg,1.6041697001224824,1.0890913285107051,32.10872088984412
Stabilized,sustained,10,Sep7,velocity_m_s,0.2184206113201218,0.1484941728587089,32.01457867862446
Stabilized,sustained,15,ALL,attitude_deg,3.350266929006962,1.5373018159915492,54.11404975879894
Stabilized,sustained,15,ALL,body_rate_rad_s,0.5494224448862438,0.5303682741871422,3.468036458366158
Stabilized,sustained,15,ALL,p_rad_s,0.4620246977481594,0.4535651484897527,1.8309733872750305
Stabilized,sustained,15,ALL,position_m,0.1202303673921103,0.0364534442457848,69.68033531254356
Stabilized,sustained,15,ALL,q_rad_s,0.2420763489898292,0.221853986112021,8.353712769626174
Stabilized,sustained,15,ALL,r_rad_s,0.1534295529951241,0.1452513550861497,5.330262488110288
Stabilized,sustained,15,ALL,roll_deg,2.1748666308577103,1.1083143546726322,49.03989334575692
Stabilized,sustained,15,ALL,velocity_m_s,0.3064054910438311,0.156669948459979,48.86842663091587
Stabilized,sustained,15,Sep17,attitude_deg,3.845542798589901,1.6138443736657162,58.0333789482856
Stabilized,sustained,15,Sep17,body_rate_rad_s,0.5284873400287387,0.499662991312191,5.45412283953296
Stabilized,sustained,15,Sep17,p_rad_s,0.421444016043085,0.4094551033851001,2.844722478337255
Stabilized,sustained,15,Sep17,position_m,0.0862744933653086,0.0221186338525028,74.36248769512125
Stabilized,sustained,15,Sep17,q_rad_s,0.2627756049847028,0.2341280305404156,10.901915513030563
Stabilized,sustained,15,Sep17,r_rad_s,0.165037046948507,0.1490991511751116,9.65716247841501
Stabilized,sustained,15,Sep17,roll_deg,2.4952202422212104,1.1542205440768991,53.74273883537318
Stabilized,sustained,15,Sep17,velocity_m_s,0.3572172720224518,0.1776321127170272,50.27336956263899
Stabilized,sustained,15,Sep7,attitude_deg,2.910021711599905,1.4692639869478452,49.51020533313972
Stabilized,sustained,15,Sep7,body_rate_rad_s,0.5680314269818041,0.5576618589648765,1.8255271670487587
Stabilized,sustained,15,Sep7,p_rad_s,0.4980964148193367,0.492774077471666,1.0685355664728349
Stabilized,sustained,15,Sep7,position_m,0.1504133665270452,0.0491954979287021,67.29313420436178
Stabilized,sustained,15,Sep7,q_rad_s,0.2236770103277194,0.2109437243978924,5.692711070829701
Stabilized,sustained,15,Sep7,r_rad_s,0.1431117805921171,0.1418310918959613,0.8948869833475783
Stabilized,sustained,15,Sep7,roll_deg,1.890107865201265,1.0675088529799506,43.521273434504295
Stabilized,sustained,15,Sep7,velocity_m_s,0.2612394635072793,0.138036913564825,47.16077283592389
Stabilized,sustained,20,ALL,attitude_deg,4.020029833795346,1.5489100511321734,61.470185168505736
Stabilized,sustained,20,ALL,body_rate_rad_s,0.5748927796619823,0.5411028618981409,5.877603434801993
Stabilized,sustained,20,ALL,p_rad_s,0.4805955910755819,0.4649990374051382,3.2452552541188187
Stabilized,sustained,20,ALL,position_m,0.1692457609071249,0.0369579176086583,78.16316496757678
Stabilized,sustained,20,ALL,q_rad_s,0.2659926538432303,0.230091721168996,13.496963978333563
Stabilized,sustained,20,ALL,r_rad_s,0.1523567045759993,0.1371114312623038,10.006302877265764
Stabilized,sustained,20,ALL,roll_deg,2.630699942158768,1.196092483260763,54.53329875853335
Stabilized,sustained,20,ALL,velocity_m_s,0.3668872194684161,0.1414836212560585,61.43675392643698
Stabilized,sustained,20,Sep17,attitude_deg,4.465941829844192,1.615109417746129,63.83496518129802
Stabilized,sustained,20,Sep17,body_rate_rad_s,0.5273564155103222,0.4754894666758826,9.835274078205346
Stabilized,sustained,20,Sep17,p_rad_s,0.4104176357883775,0.3914030501590964,4.632984543355622
Stabilized,sustained,20,Sep17,position_m,0.1269283456685342,0.0213974586912429,83.1420959766378
Stabilized,sustained,20,Sep17,q_rad_s,0.2813082190737525,0.2211871852980224,21.371943547787968
Stabilized,sustained,20,Sep17,r_rad_s,0.1631354202196327,0.1398127878987924,14.29648588236727
Stabilized,sustained,20,Sep17,roll_deg,2.9298438258893835,1.2076402814602307,58.781411118606655
Stabilized,sustained,20,Sep17,velocity_m_s,0.4177880268969327,0.1536848412273909,63.2146372482559
Stabilized,sustained,20,Sep7,attitude_deg,3.623663615085261,1.490066169697546,58.87956698037805
Stabilized,sustained,20,Sep7,body_rate_rad_s,0.6171473255745691,0.5994258798734815,2.871509762209335
Stabilized,sustained,20,Sep7,p_rad_s,0.5429759957753191,0.5304176927349532,2.3128652349417003
Stabilized,sustained,20,Sep7,position_m,0.2068612411192056,0.0507894366463608,75.44758197738312
Stabilized,sustained,20,Sep7,q_rad_s,0.2523788180827662,0.238006864165417,5.69459593579521
Stabilized,sustained,20,Sep7,r_rad_s,0.1427756240038808,0.1347102253632029,5.649002549944152
Stabilized,sustained,20,Sep7,roll_deg,2.364794267731554,1.1858277737501244,49.85492861128938
Stabilized,sustained,20,Sep7,velocity_m_s,0.3216420573097349,0.1306380923926519,59.38401417857801
Stabilized,sustained,25,ALL,attitude_deg,4.679931441104888,1.4292277656636372,69.46049779468115
Stabilized,sustained,25,ALL,body_rate_rad_s,0.6113796228268557,0.5700469812750243,6.760552692404156
Stabilized,sustained,25,ALL,p_rad_s,0.5236483723803589,0.499900294425483,4.535119215003718
Stabilized,sustained,25,ALL,position_m,0.2231430185484325,0.038138122482516,82.90866425908897
Stabilized,sustained,25,ALL,q_rad_s,0.2592197103459233,0.2304843253047685,11.085339537957205
Stabilized,sustained,25,ALL,r_rad_s,0.1608262673023097,0.1342870807290418,16.50177363339624
Stabilized,sustained,25,ALL,roll_deg,3.15381512265436,1.0577993520937523,66.4596905349521
Stabilized,sustained,25,ALL,velocity_m_s,0.4491897511502504,0.1610705067037288,64.14198981805086
Stabilized,sustained,25,Sep17,attitude_deg,5.201554105045419,1.4492402708869758,72.13832170886702
Stabilized,sustained,25,Sep17,body_rate_rad_s,0.5554535462952539,0.5016383063776534,9.688522159330093
Stabilized,sustained,25,Sep17,p_rad_s,0.4556333791919962,0.4269985299612411,6.284624994230033
Stabilized,sustained,25,Sep17,position_m,0.1715441196883737,0.0202684519893626,88.18470022395277
Stabilized,sustained,25,Sep17,q_rad_s,0.2643197600768284,0.2286010665453764,13.513440508976638
Stabilized,sustained,25,Sep17,r_rad_s,0.1605241735111411,0.1158268932222999,27.84457898843441
Stabilized,sustained,25,Sep17,roll_deg,3.509520978762728,1.0904454180658834,68.92893860260335
Stabilized,sustained,25,Sep17,velocity_m_s,0.4741284386798556,0.1484137902958977,68.69755572790885
Stabilized,sustained,25,Sep7,attitude_deg,4.216266850935525,1.4114388721317808,66.52396724323548
Stabilized,sustained,25,Sep7,body_rate_rad_s,0.6610916908549461,0.6308546922949095,4.573798003864347
Stabilized,sustained,25,Sep7,p_rad_s,0.5841061441033478,0.5647018628381425,3.322047107549696
Stabilized,sustained,25,Sep7,position_m,0.2690087064240405,0.0540222740319857,79.91802021945342
Stabilized,sustained,25,Sep7,q_rad_s,0.2546863328073411,0.2321583330908948,8.845390118945936
Stabilized,sustained,25,Sep7,r_rad_s,0.1610947951166818,0.1506961362905901,6.454993669137416
Stabilized,sustained,25,Sep7,roll_deg,2.8376321394469213,1.028780626785191,63.74510238717168
Stabilized,sustained,25,Sep7,velocity_m_s,0.4270220289017125,0.1723209212884675,59.645894210265546
Stabilized,sustained,30,ALL,attitude_deg,5.26663700616657,1.487914015515276,71.74830895364317
Stabilized,sustained,30,ALL,body_rate_rad_s,0.5973237768841567,0.5463860986938599,8.527649519663358
Stabilized,sustained,30,ALL,p_rad_s,0.5011874089454775,0.4662996557239635,6.961019490677064
Stabilized,sustained,30,ALL,position_m,0.2801915331355898,0.0341541896646515,87.8104133688709
Stabilized,sustained,30,ALL,q_rad_s,0.2673303742868086,0.2394670937576364,10.422788881924344
Stabilized,sustained,30,ALL,r_rad_s,0.1621389821440989,0.1352917555091682,16.55815663815539
Stabilized,sustained,30,ALL,roll_deg,3.617210415546843,1.135975345110544,68.59526500786077
Stabilized,sustained,30,ALL,velocity_m_s,0.498645336425173,0.1397707461875152,71.96990807343302
Stabilized,sustained,30,Sep17,attitude_deg,5.73598250183015,1.5902302979583582,72.27623519683033
Stabilized,sustained,30,Sep17,body_rate_rad_s,0.5315684937613621,0.4892033387181798,7.969839360381908
Stabilized,sustained,30,Sep17,p_rad_s,0.4173092993742851,0.3948163413637113,5.389996830720006
Stabilized,sustained,30,Sep17,position_m,0.2190814057090331,0.0188312599641139,91.40444625906586
Stabilized,sustained,30,Sep17,q_rad_s,0.2730389674965461,0.2449541638384151,10.286005662721488
Stabilized,sustained,30,Sep17,r_rad_s,0.1610980261243586,0.1341670924504246,16.717109651700415
Stabilized,sustained,30,Sep17,roll_deg,3.8870892954330754,1.2437354790742463,68.00342403928033
Stabilized,sustained,30,Sep17,velocity_m_s,0.5087260851871928,0.1529019715971092,69.94414557278958
Stabilized,sustained,30,Sep7,attitude_deg,4.849441010021167,1.3969662088992034,71.1932528715695
Stabilized,sustained,30,Sep7,body_rate_rad_s,0.6557729174377521,0.5972152186722424,8.92956955195824
Stabilized,sustained,30,Sep7,p_rad_s,0.5757457285643152,0.5298403795997433,7.97319835598987
Stabilized,sustained,30,Sep7,position_m,0.3345116464036402,0.0477745716206849,85.71811411222512
Stabilized,sustained,30,Sep7,q_rad_s,0.2622560692114864,0.2345896981302775,10.54937304764468
Stabilized,sustained,30,Sep7,r_rad_s,0.1630642763838681,0.1362914560058291,16.418568782664188
Stabilized,sustained,30,Sep7,roll_deg,3.3773180778701923,1.0401885593650304,69.20075233124044
Stabilized,sustained,30,Sep7,velocity_m_s,0.4896846708589334,0.1280985458234316,73.84060530244089
Stabilized,sustained,35,ALL,attitude_deg,5.763984798203089,1.510569833901797,73.79295944061626
Stabilized,sustained,35,ALL,body_rate_rad_s,0.5942439179302892,0.5396010022037245,9.195368110267276
Stabilized,sustained,35,ALL,p_rad_s,0.4877234587655681,0.4619220554872488,5.290170651955694
Stabilized,sustained,35,ALL,position_m,0.3409304845607514,0.0346890667348682,89.82517894239908
Stabilized,sustained,35,ALL,q_rad_s,0.2889465559470862,0.2370328129538842,17.966555380126685
Stabilized,sustained,35,ALL,r_rad_s,0.1651321459631158,0.1300741044150211,21.230294891174804
Stabilized,sustained,35,ALL,roll_deg,4.056584834052319,1.161264559310121,71.37334465282025
Stabilized,sustained,35,ALL,velocity_m_s,0.566721981912069,0.1519003534552468,73.19667168322135
Stabilized,sustained,35,Sep17,attitude_deg,6.173296425849372,1.5522129725412206,74.85601102772812
Stabilized,sustained,35,Sep17,body_rate_rad_s,0.5908573226316477,0.5213053412498763,11.771366574927182
Stabilized,sustained,35,Sep17,p_rad_s,0.4712047724939783,0.4355346874052105,7.569975342137187
Stabilized,sustained,35,Sep17,position_m,0.2710730772617126,0.019905965809572,92.65660536610451
Stabilized,sustained,35,Sep17,q_rad_s,0.2973673655610189,0.2359142641352704,20.665718078986213
Stabilized,sustained,35,Sep17,r_rad_s,0.1834271219721501,0.1450081756412842,20.945073944244232
Stabilized,sustained,35,Sep17,roll_deg,4.333328266603174,1.207056000955148,72.14482894688844
Stabilized,sustained,35,Sep17,velocity_m_s,0.569469505846328,0.1525137506904641,73.21827611053503
Stabilized,sustained,35,Sep7,attitude_deg,5.400152240295282,1.473553710666755,72.71273762114936
Stabilized,sustained,35,Sep7,body_rate_rad_s,0.5972542248624149,0.5558638119404785,6.93011638912578
Stabilized,sustained,35,Sep7,p_rad_s,0.5024067354514258,0.485377493782394,3.389532915742178
Stabilized,sustained,35,Sep7,position_m,0.4030259577154525,0.047829600890687,88.132377090099
Stabilized,sustained,35,Sep7,q_rad_s,0.2814613918458127,0.2380270785704299,15.431712673110257
Stabilized,sustained,35,Sep7,r_rad_s,0.1488699450661965,0.1167993744361205,21.542676472282906
Stabilized,sustained,35,Sep7,roll_deg,3.810590671784892,1.120561055625653,70.59350761752695
Stabilized,sustained,35,Sep7,velocity_m_s,0.5642797384149498,0.1513551114683869,73.17729112628777
Stabilized,sustained,40,ALL,attitude_deg,6.276390716865553,1.478547463576651,76.44271157938616
Stabilized,sustained,40,ALL,body_rate_rad_s,0.6409981015636389,0.5666630183254356,11.596771200549835
Stabilized,sustained,40,ALL,p_rad_s,0.5341424679038692,0.4981168665204563,6.744567891182271
Stabilized,sustained,40,ALL,position_m,0.4062405015343794,0.0332237188437793,91.82166260668433
Stabilized,sustained,40,ALL,q_rad_s,0.2955995558031389,0.2251912435650188,23.81881530465157
Stabilized,sustained,40,ALL,r_rad_s,0.1752562950874096,0.1328463679224824,24.198803896758825
Stabilized,sustained,40,ALL,roll_deg,4.402126125650281,1.114574279599624,74.68100077584717
Stabilized,sustained,40,ALL,velocity_m_s,0.6425239415000613,0.155277884643261,75.8331363838765
Stabilized,sustained,40,Sep17,attitude_deg,6.749373724063665,1.5405519190634438,77.17489085585991
Stabilized,sustained,40,Sep17,body_rate_rad_s,0.6019630814920304,0.5168512170467005,14.139050560105945
Stabilized,sustained,40,Sep17,p_rad_s,0.4707842264835082,0.4359520396260498,7.398758262916995
Stabilized,sustained,40,Sep17,position_m,0.3288326775279154,0.0192025400670348,94.16039177997915
Stabilized,sustained,40,Sep17,q_rad_s,0.3182538287712126,0.2391470436226805,24.856506975569072
Stabilized,sustained,40,Sep17,r_rad_s,0.1795969541829828,0.1237754608929304,31.081536735405066
Stabilized,sustained,40,Sep17,roll_deg,4.803452193044048,1.122302015570985,76.63551190961769
Stabilized,sustained,40,Sep17,velocity_m_s,0.6398608170192689,0.1466673164095328,77.07824693926898
Stabilized,sustained,40,Sep7,attitude_deg,5.855961377133897,1.4234323920328351,75.6925925503711
Stabilized,sustained,40,Sep7,body_rate_rad_s,0.6756958971828464,0.6109401750176446,9.58356006528756
Stabilized,sustained,40,Sep7,p_rad_s,0.5904609047219678,0.5533744904265955,6.280926306684995
Stabilized,sustained,40,Sep7,position_m,0.4750474562067919,0.0456869888675522,90.38264740277563
Stabilized,sustained,40,Sep7,q_rad_s,0.2754624242759624,0.2127860879582084,22.753134654388987
Stabilized,sustained,40,Sep7,r_rad_s,0.1713979314469001,0.1409093963931953,17.78815811621991
Stabilized,sustained,40,Sep7,roll_deg,4.045391843522489,1.1077051809584142,72.61809921498508
Stabilized,sustained,40,Sep7,velocity_m_s,0.6448911632607656,0.1629317230732416,74.73500454721548
Stabilized,sustained,45,ALL,attitude_deg,6.83857805313023,1.469221231336115,78.51569112874851
Stabilized,sustained,45,ALL,body_rate_rad_s,0.6123805767971154,0.5623979938135037,8.162013113647651
Stabilized,sustained,45,ALL,p_rad_s,0.5012843698652231,0.4815796301743331,3.930850606051783
Stabilized,sustained,45,ALL,position_m,0.4784164028605505,0.0340293992990186,92.88707513046171
Stabilized,sustained,45,ALL,q_rad_s,0.2935315752144605,0.2448787018782227,16.575005023119218
Stabilized,sustained,45,ALL,r_rad_s,0.1721866664819027,0.1324850307401658,23.05732293499605
Stabilized,sustained,45,ALL,roll_deg,4.938628642782976,1.1085774807918936,77.552928940873
Stabilized,sustained,45,ALL,velocity_m_s,0.7050360056273733,0.1389705363394693,80.28887386881654
Stabilized,sustained,45,Sep17,attitude_deg,7.236745984960696,1.4841572062614616,79.491373479934
Stabilized,sustained,45,Sep17,body_rate_rad_s,0.6068276588771981,0.5376147985492525,11.405686493593397
Stabilized,sustained,45,Sep17,p_rad_s,0.4683092439425767,0.4368900044306669,6.709079506396079
Stabilized,sustained,45,Sep17,position_m,0.3919736313965314,0.0190588792132589,95.13771394638064
Stabilized,sustained,45,Sep17,q_rad_s,0.3230191385331821,0.2707517956619264,16.18088114177994
Stabilized,sustained,45,Sep17,r_rad_s,0.1917957615400732,0.1334325257271353,30.429888202062106
Stabilized,sustained,45,Sep17,roll_deg,5.246486441461287,1.103062664867658,78.9752117502771
Stabilized,sustained,45,Sep17,velocity_m_s,0.6985217414551418,0.1501517147217995,78.50436059312807
Stabilized,sustained,45,Sep7,attitude_deg,6.484651002614259,1.4559448091802516,77.54783089185072
Stabilized,sustained,45,Sep7,body_rate_rad_s,0.6173165038370421,0.5844275007150604,5.3277375410432235
Stabilized,sustained,45,Sep7,p_rad_s,0.5305955929075753,0.5213037419464808,1.751211484847949
Stabilized,sustained,45,Sep7,position_m,0.5552544219396784,0.0473365282641383,91.4748039108312
Stabilized,sustained,45,Sep7,q_rad_s,0.2673204078200413,0.2218803962927084,16.998332412362203
Stabilized,sustained,45,Sep7,r_rad_s,0.154756359763529,0.1316428129739707,14.935442281581372
Stabilized,sustained,45,Sep7,roll_deg,4.664977266180032,1.113479539391214,76.13108326457078
Stabilized,sustained,45,Sep7,velocity_m_s,0.7108264626693567,0.1290317111107314,81.8476494774575
Stabilized,sustained,50,ALL,attitude_deg,7.408069852162447,1.4923200890430175,79.85548032315863
Stabilized,sustained,50,ALL,body_rate_rad_s,0.6241608478956014,0.5345515055842681,14.356770792890487
Stabilized,sustained,50,ALL,p_rad_s,0.5117639199845524,0.4650279061060535,9.132338575159741
Stabilized,sustained,50,ALL,position_m,0.5530753352124905,0.03233113329375,94.15429847701878
Stabilized,sustained,50,ALL,q_rad_s,0.2996554530195383,0.2203906839135934,26.45196952273604
Stabilized,sustained,50,ALL,r_rad_s,0.1747234822827748,0.1302775029957744,25.437896902185383
Stabilized,sustained,50,ALL,roll_deg,5.407039955187803,1.118799393437924,79.30846816908596
Stabilized,sustained,50,ALL,velocity_m_s,0.7574328477077145,0.1411915203432262,81.35920289560632
Stabilized,sustained,50,Sep17,attitude_deg,7.873204621180285,1.527676879050574,80.59650482167251
Stabilized,sustained,50,Sep17,body_rate_rad_s,0.605065849056248,0.4959492675340478,18.033835770502492
Stabilized,sustained,50,Sep17,p_rad_s,0.4757531397466999,0.4185805753345681,12.017275270652249
Stabilized,sustained,50,Sep17,position_m,0.4581294625493021,0.0198410783053775,95.66911104233068
Stabilized,sustained,50,Sep17,q_rad_s,0.3028600376364451,0.2221580069019184,26.646642245815826
Stabilized,sustained,50,Sep17,r_rad_s,0.2046587574126723,0.1297957413502188,36.57943447369824
Stabilized,sustained,50,Sep17,roll_deg,5.839192612971321,1.094184221824553,81.26137816735303
Stabilized,sustained,50,Sep17,velocity_m_s,0.7508881443317765,0.1608589437126126,78.57750919003219
Stabilized,sustained,50,Sep7,attitude_deg,6.994616724146591,1.4608918312585228,79.11405458121416
Stabilized,sustained,50,Sep7,body_rate_rad_s,0.6411341801972489,0.5688646060733529,11.272144951258381
Stabilized,sustained,50,Sep7,p_rad_s,0.5437735024181992,0.5063144223473738,6.888728469526789
Stabilized,sustained,50,Sep7,position_m,0.637471666468658,0.0434334043945256,93.18661413845582
Stabilized,sustained,50,Sep7,q_rad_s,0.2968069333600655,0.2188197301461934,26.275398061292396
Stabilized,sustained,50,Sep7,r_rad_s,0.148114348833977,0.1307057355696015,11.753495459031464
Stabilized,sustained,50,Sep7,roll_deg,5.022904259380232,1.1406795459831427,77.29043821902572
Stabilized,sustained,50,Sep7,velocity_m_s,0.7632503618196594,0.1237093662371049,83.79177103274863
