experiment,partition,horizon_s,signal,source,temporal_std_median,rms_median,mean_vector_norm_median,temporal_delta_norm_mean,norm_at_horizon_median
A1_longer_rollout,validation,0.2,velocity_n,pred,0.1176392063498497,6.866201400756836,6.864553451538086,0.039815325289964676,6.829970359802246
A1_longer_rollout,validation,0.2,velocity_n,truth,0.4389345208143617,6.934426468027348,6.91917696550859,0.1918366034883966,6.938929447711466
A1_longer_rollout,validation,0.2,angular_velocity_b,pred,0.2638355493545532,0.4223833978176117,0.30065691471099854,0.09168008714914322,0.2379436194896698
A1_longer_rollout,validation,0.2,angular_velocity_b,truth,0.659665026439992,0.755908157146965,0.33952384056247853,0.531706536006208,0.7115457891137846
A1_longer_rollout,validation,0.2,acceleration_n,pred,0.6261075685526485,1.928103447068863,1.821603831120194,0.21980058299879426,1.6398688681331197
A1_longer_rollout,validation,0.2,acceleration_n,truth,9.96475624164907,10.617951116064466,3.6099667981457575,5.600303329170351,8.952411117558238
A1_longer_rollout,validation,0.2,angular_acceleration_b,pred,3.255543266890043,5.013588235209513,3.697937857136367,1.3062348687761116,1.3863767039135846
A1_longer_rollout,validation,0.2,angular_acceleration_b,truth,28.42363754783537,29.057123241621007,5.039673075659401,34.07702852435046,23.849822810991395
A1_longer_rollout,validation,0.2,gru_hidden,pred,0.7513851523399353,2.161299705505371,2.007308006286621,0.3379049003124237,1.9718499183654785
A1_longer_rollout,validation,0.5,velocity_n,pred,0.24958659708499908,6.820778846740723,6.8091020584106445,0.03726454824209213,6.778397560119629
A1_longer_rollout,validation,0.5,velocity_n,truth,0.513298987370617,6.935421575325303,6.900072517157298,0.19172106039809675,6.95256712230821
A1_longer_rollout,validation,0.5,angular_velocity_b,pred,0.21359625458717346,0.33224183320999146,0.23010632395744324,0.04898696765303612,0.20163196325302124
A1_longer_rollout,validation,0.5,angular_velocity_b,truth,0.6846214851260939,0.7540437767849566,0.27515593009899847,0.5293376671031235,0.7173525164253336
A1_longer_rollout,validation,0.5,acceleration_n,pred,0.6549774479250431,1.7702289241095022,1.636319371742113,0.22826583955372734,1.450429565357302
A1_longer_rollout,validation,0.5,acceleration_n,truth,10.415585628683782,10.628014401321991,1.982324744579522,5.612778706196865,8.91905447916999
A1_longer_rollout,validation,0.5,angular_acceleration_b,pred,2.9903714836765185,3.2953345518145856,1.3651497730976212,0.748996427399546,0.7200496021359815
A1_longer_rollout,validation,0.5,angular_acceleration_b,truth,29.18972547028538,29.2813041236734,1.7911383314270761,33.910664556567134,24.515869695887694
A1_longer_rollout,validation,0.5,gru_hidden,pred,0.8016782999038696,2.049060821533203,1.8691619634628296,0.30252423882484436,1.9127843379974365
A1_longer_rollout,validation,1.0,velocity_n,pred,0.42184075713157654,6.788651466369629,6.766238212585449,0.03478652983903885,6.722451210021973
A1_longer_rollout,validation,1.0,velocity_n,truth,0.6596272783853243,6.938633906050741,6.867877968140755,0.1919132010547004,6.896679680437979
A1_longer_rollout,validation,1.0,angular_velocity_b,pred,0.17176629602909088,0.27802160382270813,0.20228777825832367,0.03224118798971176,0.18949110805988312
A1_longer_rollout,validation,1.0,angular_velocity_b,truth,0.7063954159469465,0.7618648274467033,0.2562111638504996,0.5311125131147877,0.7122347755649974
A1_longer_rollout,validation,1.0,acceleration_n,pred,0.7222027750976743,1.6081525510279264,1.3976728845658561,0.22950131225930787,1.2795169393412587
A1_longer_rollout,validation,1.0,acceleration_n,truth,10.37705776658876,10.617066712902602,1.677184772869177,5.616916537829085,9.15743049179602
A1_longer_rollout,validation,1.0,angular_acceleration_b,pred,2.3139395311668784,2.4432846853924195,0.6914671776675565,0.5424611885420387,0.6881589358962552
A1_longer_rollout,validation,1.0,angular_acceleration_b,truth,29.542106744990633,29.595523882762198,1.009158922862578,34.05668788114374,25.8372053710447
A1_longer_rollout,validation,1.0,gru_hidden,pred,0.8118023872375488,1.9604240655899048,1.7697521448135376,0.2874959111213684,1.8155529499053955
A1_longer_rollout,validation,2.0,velocity_n,pred,0.6545778512954712,6.728287696838379,6.685060977935791,0.03069154918193817,6.633439064025879
A1_longer_rollout,validation,2.0,velocity_n,truth,1.004987591956867,6.906681743278876,6.795617663676431,0.19165636648486678,6.893726051719503
A1_longer_rollout,validation,2.0,angular_velocity_b,pred,0.15849989652633667,0.23411160707473755,0.16359099745750427,0.023628413677215576,0.14398883283138275
A1_longer_rollout,validation,2.0,angular_velocity_b,truth,0.7225337071944044,0.7688433184984064,0.22026244449792862,0.530525439677366,0.71062728222781
A1_longer_rollout,validation,2.0,acceleration_n,pred,0.8782043920983613,1.4508970968062034,1.0381568570753017,0.23261097911200715,1.0620871235582396
A1_longer_rollout,validation,2.0,acceleration_n,truth,10.461708793583501,10.596625323698492,1.3935266281588206,5.608422694091064,9.052803747520466
A1_longer_rollout,validation,2.0,angular_acceleration_b,pred,1.7860843263878592,1.82387397351276,0.3606275960704048,0.4391023440250984,0.6560685642506789
A1_longer_rollout,validation,2.0,angular_acceleration_b,truth,29.544932290286958,29.556153640128834,0.5600723875563801,34.02651841456036,25.514188122010488
A1_longer_rollout,validation,2.0,gru_hidden,pred,0.87354975938797,1.881173849105835,1.606314778327942,0.27928435802459717,1.6533472537994385
A1_longer_rollout,validation,3.0,velocity_n,pred,0.8415436744689941,6.697422981262207,6.631862640380859,0.02795453742146492,6.578839302062988
A1_longer_rollout,validation,3.0,velocity_n,truth,1.3109465154739928,6.917734444788584,6.7403234574974125,0.1913992141943915,6.913018353121668
A1_longer_rollout,validation,3.0,angular_velocity_b,pred,0.15741002559661865,0.2108376920223236,0.12356120347976685,0.020412448793649673,0.11338337510824203
A1_longer_rollout,validation,3.0,angular_velocity_b,truth,0.7382944729416964,0.771896508851853,0.19724779915141694,0.5300220702285029,0.7086115300114568
A1_longer_rollout,validation,3.0,acceleration_n,pred,0.9766824276874755,1.3841151063659245,0.8183717469969713,0.23456072664967675,0.9760217720284949
A1_longer_rollout,validation,3.0,acceleration_n,truth,10.457260799032339,10.566169826890544,1.2213281405733474,5.597340187754776,8.98071777838907
A1_longer_rollout,validation,3.0,angular_acceleration_b,pred,1.5391903453960627,1.5576458182218722,0.244445104298037,0.3985299530115455,0.6263676935142939
A1_longer_rollout,validation,3.0,angular_acceleration_b,truth,29.56370166561972,29.565817798943485,0.43524696791364065,33.98916427334874,25.610650675561278
A1_longer_rollout,validation,3.0,gru_hidden,pred,0.9402119517326355,1.820927619934082,1.4627430438995361,0.27646780014038086,1.6293761730194092
A1_longer_rollout,validation,5.0,velocity_n,pred,1.1018046140670776,6.64431095123291,6.523714065551758,0.025301571935415268,6.424514293670654
A1_longer_rollout,validation,5.0,velocity_n,truth,1.9712163830965994,6.9301480249101,6.524022345863257,0.1909226171539225,6.919785146441636
A1_longer_rollout,validation,5.0,angular_velocity_b,pred,0.1529107391834259,0.18358588218688965,0.08434750139713287,0.01756996288895607,0.10534601658582687
A1_longer_rollout,validation,5.0,angular_velocity_b,truth,0.7525308031737107,0.7746364650642712,0.16787470104098123,0.5289769624908586,0.7123669152090975
A1_longer_rollout,validation,5.0,acceleration_n,pred,1.0399809185887494,1.2914283157637874,0.5990644574938868,0.23667538265034035,0.9644389340101582
A1_longer_rollout,validation,5.0,acceleration_n,truth,10.475463862155195,10.562607107945336,1.1164437961893419,5.575785369054892,8.93858740073076
A1_longer_rollout,validation,5.0,angular_acceleration_b,pred,1.2983061208094575,1.3072965033796886,0.14311676216296643,0.3616391995677015,0.6376397253597298
A1_longer_rollout,validation,5.0,angular_acceleration_b,truth,29.556915764880117,29.55864065309321,0.3106129284783611,33.91313887709889,25.225955878977192
A1_longer_rollout,validation,5.0,gru_hidden,pred,1.0039746761322021,1.774715781211853,1.3981833457946777,0.2741161584854126,1.5832595825195312
