group,flight_id,cohort,n_origins
ALL,2026.9.7/log_21_2026-9-7-05-54-56.ulg,Sep7,168
ALL,2026.9.7/log_22_2026-9-7-06-01-40.ulg,Sep7,182
ALL,2026.9.7/log_23_2026-9-7-06-09-22.ulg,Sep7,160
ALL,2026.9.7/log_24_2026-9-7-06-16-04.ulg,Sep7,161
ALL,2026.9.7/log_26_2026-9-7-06-30-26.ulg,Sep7,150
ALL,2026.9.7/log_27_2026-9-7-06-37-24.ulg,Sep7,155
ALL,2026.9.7/log_28_2026-9-7-06-44-02.ulg,Sep7,140
ALL,2026.9.7/log_29_2026-9-7-06-51-04.ulg,Sep7,201
ALL,2026.9.7/log_30_2026-9-7-06-58-22.ulg,Sep7,164
ALL,9.17数据/log_10_2026-9-17-06-34-34.ulg,Sep17,130
ALL,9.17数据/log_11_2026-9-17-06-40-30.ulg,Sep17,145
ALL,9.17数据/log_12_2026-9-17-06-46-02.ulg,Sep17,144
ALL,9.17数据/log_13_2026-9-17-06-52-30.ulg,Sep17,153
ALL,9.17数据/log_6_2026-9-17-06-02-24.ulg,Sep17,138
ALL,9.17数据/log_7_2026-9-17-06-12-16.ulg,Sep17,131
ALL,9.17数据/log_8_2026-9-17-06-17-52.ulg,Sep17,146
ALL,9.17数据/log_9_2026-9-17-06-28-10.ulg,Sep17,114
low,2026.9.7/log_21_2026-9-7-05-54-56.ulg,Sep7,99
low,2026.9.7/log_22_2026-9-7-06-01-40.ulg,Sep7,93
low,2026.9.7/log_23_2026-9-7-06-09-22.ulg,Sep7,46
low,2026.9.7/log_24_2026-9-7-06-16-04.ulg,Sep7,39
low,2026.9.7/log_26_2026-9-7-06-30-26.ulg,Sep7,87
low,2026.9.7/log_27_2026-9-7-06-37-24.ulg,Sep7,91
low,2026.9.7/log_28_2026-9-7-06-44-02.ulg,Sep7,44
low,2026.9.7/log_29_2026-9-7-06-51-04.ulg,Sep7,84
low,2026.9.7/log_30_2026-9-7-06-58-22.ulg,Sep7,104
low,9.17数据/log_10_2026-9-17-06-34-34.ulg,Sep17,25
low,9.17数据/log_11_2026-9-17-06-40-30.ulg,Sep17,34
low,9.17数据/log_12_2026-9-17-06-46-02.ulg,Sep17,29
low,9.17数据/log_13_2026-9-17-06-52-30.ulg,Sep17,19
low,9.17数据/log_6_2026-9-17-06-02-24.ulg,Sep17,34
low,9.17数据/log_7_2026-9-17-06-12-16.ulg,Sep17,21
low,9.17数据/log_8_2026-9-17-06-17-52.ulg,Sep17,18
low,9.17数据/log_9_2026-9-17-06-28-10.ulg,Sep17,21
middle,2026.9.7/log_21_2026-9-7-05-54-56.ulg,Sep7,45
middle,2026.9.7/log_22_2026-9-7-06-01-40.ulg,Sep7,59
middle,2026.9.7/log_23_2026-9-7-06-09-22.ulg,Sep7,84
middle,2026.9.7/log_24_2026-9-7-06-16-04.ulg,Sep7,103
middle,2026.9.7/log_26_2026-9-7-06-30-26.ulg,Sep7,47
middle,2026.9.7/log_27_2026-9-7-06-37-24.ulg,Sep7,46
middle,2026.9.7/log_28_2026-9-7-06-44-02.ulg,Sep7,78
middle,2026.9.7/log_29_2026-9-7-06-51-04.ulg,Sep7,95
middle,2026.9.7/log_30_2026-9-7-06-58-22.ulg,Sep7,52
middle,9.17数据/log_10_2026-9-17-06-34-34.ulg,Sep17,71
middle,9.17数据/log_11_2026-9-17-06-40-30.ulg,Sep17,77
middle,9.17数据/log_12_2026-9-17-06-46-02.ulg,Sep17,88
middle,9.17数据/log_13_2026-9-17-06-52-30.ulg,Sep17,76
middle,9.17数据/log_6_2026-9-17-06-02-24.ulg,Sep17,69
middle,9.17数据/log_7_2026-9-17-06-12-16.ulg,Sep17,93
middle,9.17数据/log_8_2026-9-17-06-17-52.ulg,Sep17,95
middle,9.17数据/log_9_2026-9-17-06-28-10.ulg,Sep17,62
high,2026.9.7/log_21_2026-9-7-05-54-56.ulg,Sep7,24
high,2026.9.7/log_22_2026-9-7-06-01-40.ulg,Sep7,30
high,2026.9.7/log_23_2026-9-7-06-09-22.ulg,Sep7,30
high,2026.9.7/log_24_2026-9-7-06-16-04.ulg,Sep7,19
high,2026.9.7/log_26_2026-9-7-06-30-26.ulg,Sep7,16
high,2026.9.7/log_27_2026-9-7-06-37-24.ulg,Sep7,18
high,2026.9.7/log_28_2026-9-7-06-44-02.ulg,Sep7,18
high,2026.9.7/log_29_2026-9-7-06-51-04.ulg,Sep7,22
high,2026.9.7/log_30_2026-9-7-06-58-22.ulg,Sep7,8
high,9.17数据/log_10_2026-9-17-06-34-34.ulg,Sep17,34
high,9.17数据/log_11_2026-9-17-06-40-30.ulg,Sep17,34
high,9.17数据/log_12_2026-9-17-06-46-02.ulg,Sep17,27
high,9.17数据/log_13_2026-9-17-06-52-30.ulg,Sep17,58
high,9.17数据/log_6_2026-9-17-06-02-24.ulg,Sep17,35
high,9.17数据/log_7_2026-9-17-06-12-16.ulg,Sep17,17
high,9.17数据/log_8_2026-9-17-06-17-52.ulg,Sep17,33
high,9.17数据/log_9_2026-9-17-06-28-10.ulg,Sep17,31
drive_high,2026.9.7/log_21_2026-9-7-05-54-56.ulg,Sep7,7
drive_high,2026.9.7/log_22_2026-9-7-06-01-40.ulg,Sep7,4
drive_high,2026.9.7/log_23_2026-9-7-06-09-22.ulg,Sep7,34
drive_high,2026.9.7/log_24_2026-9-7-06-16-04.ulg,Sep7,37
drive_high,2026.9.7/log_26_2026-9-7-06-30-26.ulg,Sep7,4
drive_high,2026.9.7/log_28_2026-9-7-06-44-02.ulg,Sep7,32
drive_high,2026.9.7/log_29_2026-9-7-06-51-04.ulg,Sep7,21
drive_high,2026.9.7/log_30_2026-9-7-06-58-22.ulg,Sep7,5
drive_high,9.17数据/log_10_2026-9-17-06-34-34.ulg,Sep17,52
drive_high,9.17数据/log_11_2026-9-17-06-40-30.ulg,Sep17,52
drive_high,9.17数据/log_12_2026-9-17-06-46-02.ulg,Sep17,44
drive_high,9.17数据/log_13_2026-9-17-06-52-30.ulg,Sep17,59
drive_high,9.17数据/log_6_2026-9-17-06-02-24.ulg,Sep17,32
drive_high,9.17数据/log_7_2026-9-17-06-12-16.ulg,Sep17,58
drive_high,9.17数据/log_8_2026-9-17-06-17-52.ulg,Sep17,57
drive_high,9.17数据/log_9_2026-9-17-06-28-10.ulg,Sep17,35
common_high,2026.9.7/log_21_2026-9-7-05-54-56.ulg,Sep7,37
common_high,2026.9.7/log_22_2026-9-7-06-01-40.ulg,Sep7,18
common_high,2026.9.7/log_23_2026-9-7-06-09-22.ulg,Sep7,23
common_high,2026.9.7/log_24_2026-9-7-06-16-04.ulg,Sep7,27
common_high,2026.9.7/log_26_2026-9-7-06-30-26.ulg,Sep7,18
common_high,2026.9.7/log_27_2026-9-7-06-37-24.ulg,Sep7,16
common_high,2026.9.7/log_28_2026-9-7-06-44-02.ulg,Sep7,18
common_high,2026.9.7/log_29_2026-9-7-06-51-04.ulg,Sep7,18
common_high,2026.9.7/log_30_2026-9-7-06-58-22.ulg,Sep7,16
common_high,9.17数据/log_10_2026-9-17-06-34-34.ulg,Sep17,26
common_high,9.17数据/log_11_2026-9-17-06-40-30.ulg,Sep17,33
common_high,9.17数据/log_12_2026-9-17-06-46-02.ulg,Sep17,30
common_high,9.17数据/log_13_2026-9-17-06-52-30.ulg,Sep17,43
common_high,9.17数据/log_6_2026-9-17-06-02-24.ulg,Sep17,27
common_high,9.17数据/log_7_2026-9-17-06-12-16.ulg,Sep17,28
common_high,9.17数据/log_8_2026-9-17-06-17-52.ulg,Sep17,32
common_high,9.17数据/log_9_2026-9-17-06-28-10.ulg,Sep17,30
differential_high,2026.9.7/log_21_2026-9-7-05-54-56.ulg,Sep7,22
differential_high,2026.9.7/log_22_2026-9-7-06-01-40.ulg,Sep7,46
differential_high,2026.9.7/log_23_2026-9-7-06-09-22.ulg,Sep7,34
differential_high,2026.9.7/log_24_2026-9-7-06-16-04.ulg,Sep7,27
differential_high,2026.9.7/log_26_2026-9-7-06-30-26.ulg,Sep7,25
differential_high,2026.9.7/log_27_2026-9-7-06-37-24.ulg,Sep7,25
differential_high,2026.9.7/log_28_2026-9-7-06-44-02.ulg,Sep7,22
differential_high,2026.9.7/log_29_2026-9-7-06-51-04.ulg,Sep7,32
differential_high,2026.9.7/log_30_2026-9-7-06-58-22.ulg,Sep7,11
differential_high,9.17数据/log_10_2026-9-17-06-34-34.ulg,Sep17,31
differential_high,9.17数据/log_11_2026-9-17-06-40-30.ulg,Sep17,36
differential_high,9.17数据/log_12_2026-9-17-06-46-02.ulg,Sep17,28
differential_high,9.17数据/log_13_2026-9-17-06-52-30.ulg,Sep17,58
differential_high,9.17数据/log_6_2026-9-17-06-02-24.ulg,Sep17,30
differential_high,9.17数据/log_7_2026-9-17-06-12-16.ulg,Sep17,17
differential_high,9.17数据/log_8_2026-9-17-06-17-52.ulg,Sep17,29
differential_high,9.17数据/log_9_2026-9-17-06-28-10.ulg,Sep17,28
rudder_high,2026.9.7/log_21_2026-9-7-05-54-56.ulg,Sep7,24
rudder_high,2026.9.7/log_22_2026-9-7-06-01-40.ulg,Sep7,23
rudder_high,2026.9.7/log_23_2026-9-7-06-09-22.ulg,Sep7,28
rudder_high,2026.9.7/log_24_2026-9-7-06-16-04.ulg,Sep7,20
rudder_high,2026.9.7/log_26_2026-9-7-06-30-26.ulg,Sep7,15
rudder_high,2026.9.7/log_27_2026-9-7-06-37-24.ulg,Sep7,18
rudder_high,2026.9.7/log_28_2026-9-7-06-44-02.ulg,Sep7,23
rudder_high,2026.9.7/log_29_2026-9-7-06-51-04.ulg,Sep7,26
rudder_high,2026.9.7/log_30_2026-9-7-06-58-22.ulg,Sep7,21
rudder_high,9.17数据/log_10_2026-9-17-06-34-34.ulg,Sep17,37
rudder_high,9.17数据/log_11_2026-9-17-06-40-30.ulg,Sep17,26
rudder_high,9.17数据/log_12_2026-9-17-06-46-02.ulg,Sep17,22
rudder_high,9.17数据/log_13_2026-9-17-06-52-30.ulg,Sep17,56
rudder_high,9.17数据/log_6_2026-9-17-06-02-24.ulg,Sep17,26
rudder_high,9.17数据/log_7_2026-9-17-06-12-16.ulg,Sep17,23
rudder_high,9.17数据/log_8_2026-9-17-06-17-52.ulg,Sep17,32
rudder_high,9.17数据/log_9_2026-9-17-06-28-10.ulg,Sep17,39
